filename,label_1,label_2,label_3
PHL1620_HAIV_0001.png,Love,Negative Liberty (Berlin),Coercion (Hobbes)
PHL1620_HAIV_0002.png,Multiculturalism (Taylor),Globalisation,Boundaries (Aristotle)
PHL1620_HAIV_0003.png,"Knowledge (Plato, Aristotle)",Love,Imagination
PHL1620_HAIV_0004.png,"Self-Awareness (Husserl, Sartre)",Personal Identity (Locke),Emotion
PHL1620_HAIV_0005.png,Negative Liberty (Berlin),Coercion (Hobbes),Globalisation
PHL1620_HAIV_0006.png,Haecceity / Thisness (principle of individuation),Personal Identity (Locke),Social Ontology
PHL1620_HAIV_0007.png,Doubt (Peirce),Inquiry (Dewey),Imagination
PHL1620_HAIV_0008.png,Time (Aristotle),Temporality (Heidegger),Property and Ownership (Locke)
PHL1620_HAIV_0009.png,Emotion,Imagination,Fictional Entities
PHL1620_HAIV_0010.png,Parody and Pastiche (Jameson),Fiction (Walton),Imagination
PHL1620_HAIV_0011.png,Bounded Rationality,Weighing Reasons (Ross),Personal Autonomy
PHL1620_HAIV_0012.png,"Knowledge (Plato, Aristotle)",Unity of Knowledge and Action (Wang Yangming),Agency
PHL1620_HAIV_0013.png,Personal Identity (Locke),Metaphysics of Change,Imagination
PHL1620_HAIV_0014.png,Media as Extensions of Human Senses (McLuhan),Externalism about the Mind (Putnam),Consciousness (Locke)
PHL1620_HAIV_0015.png,Imagination,Fictional Entities,Metaphysics of Change
PHL1620_HAIV_0016.png,Negative Liberty (Berlin),Imagined Communities (Anderson),Reference (Frege)
PHL1620_HAIV_0017.png,"Authenticity (Heidegger, Sartre)",Solitary Individual (Kierkegaard),Haecceity / Thisness (principle of individuation)
PHL1620_HAIV_0018.png,Emotion,Analogy and Analogical Reasoning,Imagination
PHL1620_HAIV_0019.png,Globalisation,Media as Extensions of Human Senses (McLuhan),Ontological Dependence (Aristotle)
PHL1620_HAIV_0020.png,Love,Eros (Plato),Emotion
PHL1620_HAIV_0021.png,Love,Coercion (Hobbes),Negative Liberty (Berlin)
PHL1620_HAIV_0022.png,Humility / Modesty,Authority (Weber),Social Institutions
PHL1620_HAIV_0023.png,"Knowledge (Plato, Aristotle)",Collective Knowledge (Gilbert),Imagination
PHL1620_HAIV_0024.png,Solidarity (Durkheim),Shared Agency,The Politicized Body
PHL1620_HAIV_0025.png,Risk,Imagination,Fictional Entities
PHL1620_HAIV_0026.png,Love,Emotion,Analogy and Analogical Reasoning
PHL1620_HAIV_0027.png,"Anxiety (Kierkegaard, Heidegger)",Metaphysics of Change,Solitary Individual (Kierkegaard)
PHL1620_HAIV_0028.png,Death (Plato),Being-toward-Death (Heidegger),Imagination
PHL1620_HAIV_0029.png,Negative Liberty (Berlin),Coercion (Hobbes),Hope
PHL1620_HAIV_0030.png,"Knowledge (Plato, Aristotle)",Inquiry (Dewey),Imagination
PHL1620_HAIV_0031.png,"Perception (Locke, Hume)",Infinite Regress Argument (Aristotle),Imagination
PHL1620_HAIV_0032.png,Yijing / Artistic Conception (Wang Guowei),Imagination,"Anxiety (Kierkegaard, Heidegger)"
PHL1620_HAIV_0033.png,Dream Argument (Descartes),Imagination,Consciousness (Locke)
PHL1620_HAIV_0034.png,Pleasure (Plato),Colour (Locke),Emotion
PHL1620_HAIV_0035.png,"Knowledge (Plato, Aristotle)",Personal Identity (Locke),Imagination
PHL1620_HAIV_0036.png,Music (Schopenhauer),"Rhythm (Pythagoreans, Plato)",Pleasure (Plato)
PHL1620_HAIV_0037.png,Privacy (Warren & Brandeis),"Truth (James, Dewey)",Death (Plato)
PHL1620_HAIV_0038.png,Dynamical Sublime (Kant),Imagination,Yijing / Artistic Conception (Wang Guowei)
PHL1620_HAIV_0039.png,Bounded Rationality,Inquiry (Dewey),Weighing Reasons (Ross)
PHL1620_HAIV_0040.png,Market (Adam Smith),Commodity Fetishism (Marx),Pleasure (Plato)
PHL1620_HAIV_0041.png,Authority (Weber),Sovereignty (Bodin),Social Institutions
PHL1620_HAIV_0042.png,Emotion,Love,Imagination
PHL1620_HAIV_0043.png,Philosophy of War,Love,Contradiction (Aristotle)
PHL1620_HAIV_0044.png,Death (Plato),Love,Emotion
PHL1620_HAIV_0045.png,Love,Hope,Reference (Frege)
PHL1620_HAIV_0046.png,"Aesthetic Perception (Merleau-Ponty, Dufrenne)",Imagination,Colour (Locke)
PHL1620_HAIV_0047.png,Temporality (Heidegger),Emotion,"Anxiety (Kierkegaard, Heidegger)"
PHL1620_HAIV_0048.png,Emotion,Heart-mind / Xin (Mencius),Imagination
PHL1620_HAIV_0049.png,Personal Autonomy,Weighing Reasons (Ross),Possible Worlds (David Lewis)
PHL1620_HAIV_0050.png,Consciousness (Locke),Love,Imagination
PHL1620_HAIV_0051.png,Metaphysics of Causation (Aristotle),"Effects & Consequences (James, Dewey)",Risk
PHL1620_HAIV_0052.png,"Mimesis (Plato, Aristotle)",Imagination,Colour (Locke)
PHL1620_HAIV_0053.png,Death (Plato),"Knowledge (Plato, Aristotle)",Imagination
PHL1620_HAIV_0054.png,Death (Plato),Being-toward-Death (Heidegger),Yijing / Artistic Conception (Wang Guowei)
PHL1620_HAIV_0055.png,Bounded Rationality,"Anxiety (Kierkegaard, Heidegger)",Consciousness (Locke)
PHL1620_HAIV_0056.png,Coercion (Hobbes),Negative Liberty (Berlin),Boundaries (Aristotle)
PHL1620_HAIV_0057.png,Love,Emotion,Imagination
PHL1620_HAIV_0058.png,Temporality (Heidegger),Love,Time (Aristotle)
PHL1620_HAIV_0059.png,Care / Concern (Heidegger),Ecological Aesthetics (Berleant),Globalisation
PHL1620_HAIV_0060.png,Solitary Individual (Kierkegaard),"Anxiety (Kierkegaard, Heidegger)",Social Ontology
PHL1620_HAIV_0061.png,Fictional Entities,Imagination,Emotion
PHL1620_HAIV_0062.png,Love,Fictional Entities,"Mimesis (Plato, Aristotle)"
PHL1620_HAIV_0063.png,Parenthood and Procreation,Love,Care / Concern (Heidegger)
PHL1620_HAIV_0064.png,Immigration,Globalisation,Boundaries (Aristotle)
PHL1620_HAIV_0065.png,Ethics of Manipulation,Consciousness (Locke),Imagination
PHL1620_HAIV_0066.png,Aesthetic Contemplation (Schopenhauer),Consciousness (Locke),Yijing / Artistic Conception (Wang Guowei)
PHL1620_HAIV_0067.png,Love,Analogy and Analogical Reasoning,Imagination
PHL1620_HAIV_0068.png,Emotion,Analogy and Analogical Reasoning,Imagination
PHL1620_HAIV_0069.png,Authority (Weber),Coercion (Hobbes),Reference (Frege)
PHL1620_HAIV_0070.png,Labour and Work (Marx),Time (Aristotle),Market (Adam Smith)
PHL1620_HAIV_0071.png,Imagination,Fictional Entities,Philosophy of War
PHL1620_HAIV_0072.png,Fictional Entities,Philosophy of War,"Mimesis (Plato, Aristotle)"
PHL1620_HAIV_0073.png,"Perception (Locke, Hume)","Primary & Secondary Qualities (Locke, Galileo)","Aesthetic Perception (Merleau-Ponty, Dufrenne)"
PHL1620_HAIV_0074.png,Resolve (Heidegger),Hope,Agency
PHL1620_HAIV_0075.png,Authority (Weber),Blame (Strawson),Social Ontology
PHL1620_HAIV_0076.png,The Gaze (Lacan),Emotion,Imagination
PHL1620_HAIV_0077.png,Consciousness (Locke),"Idea (Locke, Hume)",Imagination
PHL1620_HAIV_0078.png,Love,Shared Agency,"Rhythm (Pythagoreans, Plato)"
PHL1620_HAIV_0079.png,Freedom of Speech (Mill),Coercion (Hobbes),"Knowledge (Plato, Aristotle)"
PHL1620_HAIV_0080.png,Agency,Resolve (Heidegger),Imagination
PHL1620_HAIV_0081.png,"Idea (Locke, Hume)",Emotion,Imagination
PHL1620_HAIV_0082.png,Ideology (Marx),Freedom of Speech (Mill),Imagination
PHL1620_HAIV_0083.png,Freedom of Speech (Mill),Coercion (Hobbes),Emotion
PHL1620_HAIV_0084.png,Philosophy of War,Risk,Imagination
PHL1620_HAIV_0085.png,Spectacle (Debord),Agency,Social Ontology
PHL1620_HAIV_0086.png,Metaphysics of Change,Death (Plato),Imagination
PHL1620_HAIV_0087.png,Fictional Entities,Possible Worlds (David Lewis),Imagination
PHL1620_HAIV_0088.png,Fictional Entities,"Mimesis (Plato, Aristotle)",Imagination
PHL1620_HAIV_0089.png,Risk,Emotion,Chance versus Randomness
PHL1620_HAIV_0090.png,Reference (Frege),Artefacts (Simon),Philosophy of Humor
PHL1620_HAIV_0091.png,Consciousness (Locke),Ancient Atomism (Democritus),Imagination
PHL1620_HAIV_0092.png,Distributive Justice (Rawls),Equality (Aristotle),Market (Adam Smith)
PHL1620_HAIV_0093.png,Metaphysics of Change,"Perception (Locke, Hume)",Imagination
PHL1620_HAIV_0094.png,Resolve (Heidegger),Hope,Inquiry (Dewey)
PHL1620_HAIV_0095.png,"Idea (Locke, Hume)",Pleasure (Plato),Imagination
PHL1620_HAIV_0096.png,Solidarity (Durkheim),Shared Agency,Social Ontology
PHL1620_HAIV_0097.png,Absurd (Camus),Resolve (Heidegger),Labour and Work (Marx)
PHL1620_HAIV_0098.png,Emotion,Experience (Dewey),"Mimesis (Plato, Aristotle)"
PHL1620_HAIV_0099.png,Imagination,Hope,Sense of Place (Norberg-Schulz)
PHL1620_HAIV_0100.png,Cyborg (Haraway),Artefacts (Simon),Posthuman (Braidotti)
PHL1620_HAIV_0101.png,"Culture Industry (Adorno, Horkheimer)",Spectacle (Debord),Emotion
PHL1620_HAIV_0102.png,Haecceity / Thisness (principle of individuation),Personal Identity (Locke),Solitary Individual (Kierkegaard)
PHL1620_HAIV_0103.png,Love,Negative Liberty (Berlin),Coercion (Hobbes)
PHL1620_HAIV_0104.png,Coercion (Hobbes),Property and Ownership (Locke),Ethics of Manipulation
PHL1620_HAIV_0105.png,Integrity (Williams),Rule of Law (Aristotle),Legal Obligation and Authority (Hobbes)
PHL1620_HAIV_0106.png,Labour and Work (Marx),"Anxiety (Kierkegaard, Heidegger)",Bounded Rationality
PHL1620_HAIV_0107.png,Disciplinary Mechanisms (Foucault),Time (Aristotle),Labour and Work (Marx)
PHL1620_HAIV_0108.png,Chance versus Randomness,Risk,Bounded Rationality
PHL1620_HAIV_0109.png,Death (Plato),Being-toward-Death (Heidegger),Boundaries (Aristotle)
PHL1620_HAIV_0110.png,Negative Liberty (Berlin),Coercion (Hobbes),Labour and Work (Marx)
PHL1620_HAIV_0111.png,Time (Aristotle),Imagination,Fictional Entities
PHL1620_HAIV_0112.png,Pleasure (Plato),Love,Emotion
PHL1620_HAIV_0113.png,Fictional Entities,"Knowledge (Plato, Aristotle)",Imagination
PHL1620_HAIV_0114.png,Emotion,"Knowledge (Plato, Aristotle)",Imagination
PHL1620_HAIV_0115.png,Fictional Entities,"Mimesis (Plato, Aristotle)",Imagination
PHL1620_HAIV_0116.png,Love,Consciousness (Locke),Yijing / Artistic Conception (Wang Guowei)
PHL1620_HAIV_0117.png,Temporality (Heidegger),Pleasure (Plato),Everyday Aesthetics (Saito)
PHL1620_HAIV_0118.png,Love,Emotion,Imagination
PHL1620_HAIV_0119.png,Love,Consciousness (Locke),Imagination
PHL1620_HAIV_0120.png,Legal Punishment (Kant),Coercion (Hobbes),Social Institutions
PHL1620_HAIV_0121.png,Social Ontology,Mereology (Leibniz),Ontological Dependence (Aristotle)
PHL1620_HAIV_0122.png,Philosophy of Humor,Emotion,Lifeworld (Husserl)
PHL1620_HAIV_0123.png,Death (Plato),Risk,Imagination
PHL1620_HAIV_0124.png,Love,Negative Liberty (Berlin),Imagination
PHL1620_HAIV_0125.png,Risk,Emotion,Imagination
PHL1620_HAIV_0126.png,Consciousness (Locke),Functionalism (Putnam),Imagination
PHL1620_HAIV_0127.png,Love,Pleasure (Plato),Emotion
PHL1620_HAIV_0128.png,Pleasure (Plato),Emotion,Philosophy of Humor
PHL1620_HAIV_0129.png,"Anxiety (Kierkegaard, Heidegger)",Emotion,Imagination
PHL1620_HAIV_0130.png,Coercion (Hobbes),Negative Liberty (Berlin),Emotion
PHL1620_HAIV_0131.png,"Knowledge (Plato, Aristotle)",Simple & Complex Ideas (Locke),Consciousness (Locke)
PHL1620_HAIV_0132.png,Sense of Place (Norberg-Schulz),Lifeworld (Husserl),Artefacts (Simon)
PHL1620_HAIV_0133.png,Domination (Marx),Exploitation (Marx),Labour and Work (Marx)
PHL1620_HAIV_0134.png,Death (Plato),Emotion,Social Institutions
PHL1620_HAIV_0135.png,Dream Argument (Descartes),Imagination,Yijing / Artistic Conception (Wang Guowei)
PHL1620_HAIV_0136.png,Music (Schopenhauer),Emotion,"Synaesthesia and Cross-modal Perception (neuroaesthetics, cognitive science)"
PHL1620_HAIV_0137.png,"Self-Awareness (Husserl, Sartre)",Personal Identity (Locke),Emotion
PHL1620_HAIV_0138.png,"Anxiety (Kierkegaard, Heidegger)",Love,Social Institutions
PHL1620_HAIV_0139.png,Equality (Aristotle),Capability Approach (Sen),Recognition (Hegel)
PHL1620_HAIV_0140.png,Love,Boundaries (Aristotle),Hope
PHL1620_HAIV_0141.png,"Anxiety (Kierkegaard, Heidegger)",Emotion,Solitary Individual (Kierkegaard)
PHL1620_HAIV_0142.png,Media as Extensions of Human Senses (McLuhan),Rhizome (Deleuze & Guattari),Global Village (McLuhan)
PHL1620_HAIV_0143.png,Imagination,Possible Worlds (David Lewis),Fiction (Walton)
PHL1620_HAIV_0144.png,Solitary Individual (Kierkegaard),Personal Identity (Locke),Social Ontology
PHL1620_HAIV_0145.png,Aesthetic Object (Dufrenne),"Mimesis (Plato, Aristotle)",Agency
PHL1620_HAIV_0146.png,Authority (Weber),Coercion (Hobbes),Philosophy of War
PHL1620_HAIV_0147.png,Personal Identity (Locke),Imagination,"Mimesis (Plato, Aristotle)"
PHL1620_HAIV_0148.png,"Reason (Plato, Aristotle)","Mimesis (Plato, Aristotle)",Aesthetic Object (Dufrenne)
PHL1620_HAIV_0149.png,Media as Extensions of Human Senses (McLuhan),Simulacrum (Baudrillard),Imagination
PHL1620_HAIV_0150.png,Music (Schopenhauer),"Rhythm (Pythagoreans, Plato)","Synaesthesia and Cross-modal Perception (neuroaesthetics, cognitive science)"
PHL1620_HAIV_0151.png,Philosophy of Humor,Fictional Entities,Imagination
PHL1620_HAIV_0152.png,Taste (Hume),Aesthetic Judgment (Hume),Emotion
PHL1620_HAIV_0153.png,Haecceity / Thisness (principle of individuation),Social Ontology,Solitary Individual (Kierkegaard)
PHL1620_HAIV_0154.png,Action (Aristotle),Agency,Risk
PHL1620_HAIV_0155.png,"Knowledge (Plato, Aristotle)",Metaphysics of Change,Hope
PHL1620_HAIV_0156.png,Death (Plato),Being-toward-Death (Heidegger),Yijing / Artistic Conception (Wang Guowei)
PHL1620_HAIV_0157.png,Artefacts (Simon),Dependent Beauty (Kant),"Mimesis (Plato, Aristotle)"
PHL1620_HAIV_0158.png,Collective Knowledge (Gilbert),Social Epistemology (Goldman),Attention
PHL1620_HAIV_0159.png,Self-Defense,Risk,Agency
PHL1620_HAIV_0160.png,Risk,"Anxiety (Kierkegaard, Heidegger)",Imagination
PHL1620_HAIV_0161.png,Doubt (Peirce),Inquiry (Dewey),Bounded Rationality
PHL1620_HAIV_0162.png,Analogy and Analogical Reasoning,Reference (Frege),Imagination
PHL1620_HAIV_0163.png,Commodity Fetishism (Marx),Property and Ownership (Locke),Coercion (Hobbes)
PHL1620_HAIV_0164.png,Labour and Work (Marx),"Anxiety (Kierkegaard, Heidegger)",Bounded Rationality
PHL1620_HAIV_0165.png,Simulacrum (Baudrillard),Media as Extensions of Human Senses (McLuhan),Artefacts (Simon)
PHL1620_HAIV_0166.png,Negative Liberty (Berlin),Boundaries (Aristotle),Personal Autonomy
PHL1620_HAIV_0167.png,Shared Agency,Labour and Work (Marx),Ecological Aesthetics (Berleant)
PHL1620_HAIV_0168.png,Labour and Work (Marx),"Anxiety (Kierkegaard, Heidegger)",Bounded Rationality
PHL1620_HAIV_0169.png,"Perception (Locke, Hume)","Aesthetic Perception (Merleau-Ponty, Dufrenne)",Imagination
PHL1620_HAIV_0170.png,Society of Control (Deleuze),Privacy (Warren & Brandeis),The Gaze (Lacan)
PHL1620_HAIV_0171.png,Market (Adam Smith),Domination (Marx),Authority (Weber)
PHL1620_HAIV_0172.png,Pleasure (Plato),Love,Imagination
PHL1620_HAIV_0173.png,Posthuman (Braidotti),Functionalism (Putnam),Doubt (Peirce)
PHL1620_HAIV_0174.png,Ethics of Manipulation,Market (Adam Smith),Trust
PHL1620_HAIV_0175.png,Fictional Entities,"Mimesis (Plato, Aristotle)",Imagination
PHL1620_HAIV_0176.png,Love,Reference (Frege),Imagination
PHL1620_HAIV_0177.png,Emotion,Experience (Dewey),Philosophy of Humor
PHL1620_HAIV_0178.png,Time (Aristotle),Temporality (Heidegger),Weighing Reasons (Ross)
PHL1620_HAIV_0179.png,Love,Moral Status of Animals (Peter Singer),Care / Concern (Heidegger)
PHL1620_HAIV_0180.png,Love,Everyday Aesthetics (Saito),Imagination
PHL1620_HAIV_0181.png,Emotion,Reference (Frege),Imagination
PHL1620_HAIV_0182.png,Argument and Argumentation,Social Epistemology (Goldman),Social Ontology
PHL1620_HAIV_0183.png,Hyperreality (Baudrillard),Media as Extensions of Human Senses (McLuhan),Social Ontology
PHL1620_HAIV_0184.png,Haecceity / Thisness (principle of individuation),Recognition (Hegel),Spectacle (Debord)
PHL1620_HAIV_0185.png,Fictional Entities,Imagination,Emotion
PHL1620_HAIV_0186.png,Resolve (Heidegger),Agency,Risk
PHL1620_HAIV_0187.png,Emotion,Lifeworld (Husserl),"Mimesis (Plato, Aristotle)"
PHL1620_HAIV_0188.png,Risk,Fictional Entities,Imagination
PHL1620_HAIV_0189.png,Risk,Emotion,Imagination
PHL1620_HAIV_0190.png,Property and Ownership (Locke),Privacy (Warren & Brandeis),Boundaries (Aristotle)
PHL1620_HAIV_0191.png,Temporality (Heidegger),Hope,Yijing / Artistic Conception (Wang Guowei)
PHL1620_HAIV_0192.png,Solidarity (Durkheim),Trust,Hope
PHL1620_HAIV_0193.png,"Idea (Locke, Hume)",Inquiry (Dewey),Imagination
PHL1620_HAIV_0194.png,Inquiry (Dewey),Hope,Cave Allegory (Plato)
PHL1620_HAIV_0195.png,Love,Care / Concern (Heidegger),Imagination
PHL1620_HAIV_0196.png,Death (Plato),Social Institutions,Emotion
PHL1620_HAIV_0197.png,Novelty (Hutcheson),Imagination,Possible Worlds (David Lewis)
PHL1620_HAIV_0198.png,Coercion (Hobbes),Negative Liberty (Berlin),Agency
PHL1620_HAIV_0199.png,Emotion,"Mimesis (Plato, Aristotle)",Experience (Dewey)
PHL1620_HAIV_0200.png,Imagination,Novelty (Hutcheson),Aesthetic Object (Dufrenne)
PHL1620_HAIV_0201.png,Artefacts (Simon),Time (Aristotle),Yijing / Artistic Conception (Wang Guowei)
PHL1620_HAIV_0202.png,Yin-Yang (I Ching / Yijing),Time (Aristotle),Imagination
PHL1620_HAIV_0203.png,Agency,Aesthetic Object (Dufrenne),"Mimesis (Plato, Aristotle)"
PHL1620_HAIV_0204.png,Personal Identity (Locke),"Self-Awareness (Husserl, Sartre)","Mimesis (Plato, Aristotle)"
PHL1620_HAIV_0205.png,Personal Identity (Locke),"Mimesis (Plato, Aristotle)",Aesthetic Object (Dufrenne)
PHL1620_HAIV_0206.png,"Perception (Locke, Hume)","Aesthetic Perception (Merleau-Ponty, Dufrenne)",Imagination
PHL1620_HAIV_0207.png,Domination (Marx),Coercion (Hobbes),Social Ontology
PHL1620_HAIV_0208.png,Artefacts (Simon),Dependent Beauty (Kant),"Mimesis (Plato, Aristotle)"
PHL1620_HAIV_0209.png,Colour (Locke),"Perception (Locke, Hume)","Aesthetic Perception (Merleau-Ponty, Dufrenne)"
PHL1620_HAIV_0210.png,Risk,Emotion,Social Ontology
PHL1620_HAIV_0211.png,Instrumental Reason (Hume),Practical Reason (Aristotle),Agency
PHL1620_HAIV_0212.png,Legal Obligation and Authority (Hobbes),Media as Extensions of Human Senses (McLuhan),Music (Schopenhauer)
PHL1620_HAIV_0213.png,Risk,Dynamical Sublime (Kant),Yijing / Artistic Conception (Wang Guowei)
PHL1620_HAIV_0214.png,"Self-Awareness (Husserl, Sartre)",Personal Identity (Locke),Emotion
PHL1620_HAIV_0215.png,Labour and Work (Marx),"Anxiety (Kierkegaard, Heidegger)",Bounded Rationality
PHL1620_HAIV_0216.png,Altruism,Compassion / Karuṇā (Buddhism),Care / Concern (Heidegger)
PHL1620_HAIV_0217.png,Collective Intentionality,Social Institutions,Risk
PHL1620_HAIV_0218.png,Media as Extensions of Human Senses (McLuhan),Consciousness (Locke),Imagination
PHL1620_HAIV_0219.png,Weakness of Will / Akrasia (Aristotle),Risk,Imagination
PHL1620_HAIV_0220.png,Authority (Weber),Philosophy of War,"Mimesis (Plato, Aristotle)"
PHL1620_HAIV_0221.png,Being-in-the-World (Heidegger),Ecological Aesthetics (Berleant),Imagination
PHL1620_HAIV_0222.png,Functionalism (Putnam),Consciousness (Locke),Media as Extensions of Human Senses (McLuhan)
PHL1620_HAIV_0223.png,Shared Agency,Labour and Work (Marx),Trust
PHL1620_HAIV_0224.png,Music (Schopenhauer),Emotion,"Synaesthesia and Cross-modal Perception (neuroaesthetics, cognitive science)"
PHL1620_HAIV_0225.png,"Knowledge (Plato, Aristotle)",Inquiry (Dewey),Consciousness (Locke)
PHL1620_HAIV_0226.png,Risk,Love,Weakness of Will / Akrasia (Aristotle)
PHL1620_HAIV_0227.png,Reference (Frege),"Effects & Consequences (James, Dewey)",Risk
PHL1620_HAIV_0228.png,Rule of Law (Aristotle),Legal Obligation and Authority (Hobbes),Social Institutions
PHL1620_HAIV_0229.png,Temporality (Heidegger),Being-toward-Death (Heidegger),Time (Aristotle)
PHL1620_HAIV_0230.png,Fictional Entities,"Mimesis (Plato, Aristotle)",Imagination
PHL1620_HAIV_0231.png,Emotion,"Anxiety (Kierkegaard, Heidegger)",Lifeworld (Husserl)
PHL1620_HAIV_0232.png,Pacifism,Hope,Reference (Frege)
PHL1620_HAIV_0233.png,Aesthetic Contemplation (Schopenhauer),Consciousness (Locke),Yijing / Artistic Conception (Wang Guowei)
PHL1620_HAIV_0234.png,Pleasure (Plato),Everyday Aesthetics (Saito),Colour (Locke)
PHL1620_HAIV_0235.png,Metaphysics of Change,Ontological Dependence (Aristotle),Ecological Aesthetics (Berleant)
PHL1620_HAIV_0236.png,Deliberative Democracy (Habermas),Argument and Argumentation,Emotion
PHL1620_HAIV_0237.png,Emotion,Imagination,Fictional Entities
PHL1620_HAIV_0238.png,Love,Eros (Plato),Emotion
PHL1620_HAIV_0239.png,Everyday Aesthetics (Saito),Pleasure (Plato),Lifeworld (Husserl)
PHL1620_HAIV_0240.png,Memory,Death (Plato),"Mimesis (Plato, Aristotle)"
PHL1620_HAIV_0241.png,Argument and Argumentation,Freedom of Speech (Mill),Emotion
PHL1620_HAIV_0242.png,Property and Ownership (Locke),Boundaries (Aristotle),Artefacts (Simon)
PHL1620_HAIV_0243.png,"Knowledge (Plato, Aristotle)",Personal Identity (Locke),Imagination
PHL1620_HAIV_0244.png,Will to Live (Schopenhauer),Metaphysics of Change,Hope
PHL1620_HAIV_0245.png,Recognition (Hegel),Desert (Aristotle),Pleasure (Plato)
PHL1620_HAIV_0246.png,Love,Pleasure (Plato),Emotion
PHL1620_HAIV_0247.png,Social Ontology,Parenthood and Procreation,Emotion
PHL1620_HAIV_0248.png,Fictional Entities,Love,Imagination
PHL1620_HAIV_0249.png,"Knowledge (Plato, Aristotle)",Ecological Aesthetics (Berleant),Yijing / Artistic Conception (Wang Guowei)
PHL1620_HAIV_0250.png,Social Ontology,Imagination,Philosophy of Humor
PHL1620_HAIV_0251.png,Love,Emotion,Imagination
PHL1620_HAIV_0252.png,Emotion,Social Ontology,"Mimesis (Plato, Aristotle)"
PHL1620_HAIV_0253.png,Material Constitution (Locke),Mereology (Leibniz),Metaphysics of Change
PHL1620_HAIV_0254.png,Freedom of Speech (Mill),Coercion (Hobbes),"Perception (Locke, Hume)"
PHL1620_HAIV_0255.png,Death (Plato),Fictional Entities,"Mimesis (Plato, Aristotle)"
PHL1620_HAIV_0256.png,Emotion,Experience (Dewey),Imagination
PHL1620_HAIV_0257.png,Solitary Individual (Kierkegaard),Yijing / Artistic Conception (Wang Guowei),Wilderness Aesthetics (Rolston)
PHL1620_HAIV_0258.png,Market (Adam Smith),Property and Ownership (Locke),Media as Extensions of Human Senses (McLuhan)
PHL1620_HAIV_0259.png,Emotion,Love,Imagination
PHL1620_HAIV_0260.png,Metaphysics of Change,Imagination,Dynamical Sublime (Kant)
PHL1620_HAIV_0261.png,Imagination,Consciousness (Locke),Aesthetic Object (Dufrenne)
PHL1620_HAIV_0262.png,Symmetry and Invariance,Artefacts (Simon),Dependent Beauty (Kant)
PHL1620_HAIV_0263.png,Ecological Aesthetics (Berleant),"Effects & Consequences (James, Dewey)",Metaphysics of Change
PHL1620_HAIV_0264.png,Emotion,Imagination,Colour (Locke)
PHL1620_HAIV_0265.png,"Knowledge (Plato, Aristotle)","Effects & Consequences (James, Dewey)",Philosophy of Humor
PHL1620_HAIV_0266.png,Freedom of Speech (Mill),Coercion (Hobbes),Emotion
PHL1620_HAIV_0267.png,"Knowledge (Plato, Aristotle)",Inquiry (Dewey),Imagination
PHL1620_HAIV_0268.png,Care / Concern (Heidegger),Pleasure (Plato),Ecological Aesthetics (Berleant)
PHL1620_HAIV_0269.png,Philosophy of War,Authority (Weber),Temporality (Heidegger)
PHL1620_HAIV_0270.png,Authority (Weber),Disciplinary Mechanisms (Foucault),Time (Aristotle)
PHL1620_HAIV_0271.png,Agency,Attention,Risk
PHL1620_HAIV_0272.png,Globalisation,Market (Adam Smith),Domination (Marx)
PHL1620_HAIV_0273.png,Dream Argument (Descartes),Imagination,Consciousness (Locke)
PHL1620_HAIV_0274.png,Risk,Boundaries (Aristotle),Artefacts (Simon)
PHL1620_HAIV_0275.png,Love,Emotion,Imagination
PHL1620_HAIV_0276.png,Emotion,Coercion (Hobbes),Freedom of Speech (Mill)
PHL1620_HAIV_0277.png,Love,Risk,Eros (Plato)
PHL1620_HAIV_0278.png,Colour (Locke),Aesthetic Object (Dufrenne),Imagination
PHL1620_HAIV_0279.png,Coercion (Hobbes),Negative Liberty (Berlin),"Anxiety (Kierkegaard, Heidegger)"
PHL1620_HAIV_0280.png,Love,Pleasure (Plato),Emotion
PHL1620_HAIV_0281.png,Philosophy of Humor,Analogy and Analogical Reasoning,Experience (Dewey)
PHL1620_HAIV_0282.png,"Mimesis (Plato, Aristotle)",Imagination,Reference (Frege)
PHL1620_HAIV_0283.png,Fictional Entities,"Mimesis (Plato, Aristotle)",Aesthetic Object (Dufrenne)
PHL1620_HAIV_0284.png,Death (Plato),"Effects & Consequences (James, Dewey)",Risk
PHL1620_HAIV_0285.png,Love,Agency,Imagination
PHL1620_HAIV_0286.png,"Knowledge (Plato, Aristotle)",Imagination,Negative Liberty (Berlin)
PHL1620_HAIV_0287.png,Emotion,Imagination,Philosophy of Humor
PHL1620_HAIV_0288.png,Health and Disease,Philosophy of Biomedicine,Artefacts (Simon)
PHL1620_HAIV_0289.png,Emotion,Fictional Entities,"Mimesis (Plato, Aristotle)"
PHL1620_HAIV_0290.png,Yijing / Artistic Conception (Wang Guowei),Imagination,Space (Aristotle)
PHL1620_HAIV_0291.png,Reference (Frege),Boundaries (Aristotle),Metaphysics of Change
PHL1620_HAIV_0292.png,"Idea (Locke, Hume)",Consciousness (Locke),Imagination
PHL1620_HAIV_0293.png,Yijing / Artistic Conception (Wang Guowei),Solitary Individual (Kierkegaard),Temporality (Heidegger)
PHL1620_HAIV_0294.png,Love,Emotion,Boundaries (Aristotle)
PHL1620_HAIV_0295.png,Love,Hope,Yijing / Artistic Conception (Wang Guowei)
PHL1620_HAIV_0296.png,Agency,Experience (Dewey),Social Institutions
PHL1620_HAIV_0297.png,Love,Emotion,Imagination
PHL1620_HAIV_0298.png,Emotion,"Mimesis (Plato, Aristotle)",Experience (Dewey)
PHL1620_HAIV_0299.png,Metaphysics of Change,Being-in-the-World (Heidegger),Ecological Aesthetics (Berleant)
PHL1620_HAIV_0300.png,Temporality (Heidegger),Meaning of Life,Yijing / Artistic Conception (Wang Guowei)
PHL1620_HAIV_0301.png,"Perception (Locke, Hume)",Personal Identity (Locke),Imagination
PHL1620_HAIV_0302.png,Love,Metaphysics of Change,Imagination
PHL1620_HAIV_0303.png,Solitary Individual (Kierkegaard),Meaning of Life,Yijing / Artistic Conception (Wang Guowei)
PHL1620_HAIV_0304.png,Hope,Temporality (Heidegger),Yijing / Artistic Conception (Wang Guowei)
PHL1620_HAIV_0305.png,Love,Metaphysics of Change,Imagination
PHL1620_HAIV_0306.png,Pleasure (Plato),Love,Everyday Aesthetics (Saito)
PHL1620_HAIV_0307.png,Temporality (Heidegger),Meaning of Life,Yijing / Artistic Conception (Wang Guowei)
PHL1620_HAIV_0308.png,Society of Control (Deleuze),Coercion (Hobbes),Social Ontology
PHL1620_HAIV_0309.png,Imagination,Temporality (Heidegger),Yijing / Artistic Conception (Wang Guowei)
PHL1620_HAIV_0310.png,Love,Emotion,Yijing / Artistic Conception (Wang Guowei)
PHL1620_HAIV_0311.png,Equality (Aristotle),Distributive Justice (Rawls),Symmetry and Invariance
PHL1620_HAIV_0312.png,Temporality (Heidegger),Emotion,Time (Aristotle)
PHL1620_HAIV_0313.png,"Idea (Locke, Hume)",Imagination,Novelty (Hutcheson)
PHL1620_HAIV_0314.png,Ethics of Manipulation,Coercion (Hobbes),Agency
PHL1620_HAIV_0315.png,Classical Art (Hegel),"Mimesis (Plato, Aristotle)",Aesthetic Object (Dufrenne)
PHL1620_HAIV_0316.png,Love,Metaphysics of Change,Hope
PHL1620_HAIV_0317.png,Dynamical Sublime (Kant),Yijing / Artistic Conception (Wang Guowei),Metaphysics of Change
PHL1620_HAIV_0318.png,Fictional Entities,"Mimesis (Plato, Aristotle)",Pleasure (Plato)
PHL1620_HAIV_0319.png,Market (Adam Smith),Commodity Fetishism (Marx),Imagination
PHL1620_HAIV_0320.png,Emotion,"Anxiety (Kierkegaard, Heidegger)",Yijing / Artistic Conception (Wang Guowei)
PHL1620_HAIV_0321.png,Philosophy of Humor,Music (Schopenhauer),"Rhythm (Pythagoreans, Plato)"
PHL1620_HAIV_0322.png,Fictional Entities,Love,"Mimesis (Plato, Aristotle)"
PHL1620_HAIV_0323.png,Fictional Entities,Imagination,"Mimesis (Plato, Aristotle)"
PHL1620_HAIV_0324.png,Friendship / Philia (Aristotle),Trust,Social Ontology
PHL1620_HAIV_0325.png,Doubt (Peirce),Social Epistemology (Goldman),Social Ontology
PHL1620_HAIV_0326.png,Time (Aristotle),Temporality (Heidegger),Emotion
PHL1620_HAIV_0327.png,Pleasure (Plato),Everyday Aesthetics (Saito),Philosophy of Humor
PHL1620_HAIV_0328.png,Solitary Individual (Kierkegaard),Yijing / Artistic Conception (Wang Guowei),Aesthetic Contemplation (Schopenhauer)
PHL1620_HAIV_0329.png,Fictional Entities,Imagination,Emotion
PHL1620_HAIV_0330.png,Negative Liberty (Berlin),Coercion (Hobbes),Imagination
PHL1620_HAIV_0331.png,Fictional Entities,Imagination,"Mimesis (Plato, Aristotle)"
PHL1620_HAIV_0332.png,Temporality (Heidegger),Love,Time (Aristotle)
PHL1620_HAIV_0333.png,Death (Plato),Being-toward-Death (Heidegger),Risk
PHL1620_HAIV_0334.png,Fictional Entities,Yijing / Artistic Conception (Wang Guowei),Imagination
PHL1620_HAIV_0335.png,Negative Liberty (Berlin),Imagination,Yijing / Artistic Conception (Wang Guowei)
PHL1620_HAIV_0336.png,Love,Emotion,Personal Autonomy
PHL1620_HAIV_0337.png,Love,Care / Concern (Heidegger),Trust
PHL1620_HAIV_0338.png,Classical Art (Hegel),Dependent Beauty (Kant),Metaphysics of Change
PHL1620_HAIV_0339.png,Love,Emotion,Imagination
PHL1620_HAIV_0340.png,Death (Plato),Being-toward-Death (Heidegger),Temporality (Heidegger)
PHL1620_HAIV_0341.png,Emotion,Imagination,Risk
PHL1620_HAIV_0342.png,Death (Plato),"Anxiety (Kierkegaard, Heidegger)",Yijing / Artistic Conception (Wang Guowei)
PHL1620_HAIV_0343.png,Death (Plato),Social Institutions,"Mimesis (Plato, Aristotle)"
PHL1620_HAIV_0344.png,Love,Privacy (Warren & Brandeis),Imagination
PHL1620_HAIV_0345.png,Bounded Rationality,Consciousness (Locke),Imagination
PHL1620_HAIV_0346.png,Emotion,Metaphysics of Change,Imagination
PHL1620_HAIV_0347.png,"Rhythm (Pythagoreans, Plato)",Pleasure (Plato),"Aesthetic Experience (Dewey, Beardsley)"
PHL1620_HAIV_0348.png,Love,Resolve (Heidegger),Fictional Entities
PHL1620_HAIV_0349.png,"Anxiety (Kierkegaard, Heidegger)",Death (Plato),Imagination
PHL1620_HAIV_0350.png,Consciousness (Locke),Memory,Imagination
PHL1620_HAIV_0351.png,Ecological Aesthetics (Berleant),Love,Metaphysics of Change
PHL1620_HAIV_0352.png,Love,Doubt (Peirce),Emotion
PHL1620_HAIV_0353.png,Love,Emotion,Boundaries (Aristotle)
PHL1620_HAIV_0354.png,Imagination,Consciousness (Locke),Yijing / Artistic Conception (Wang Guowei)
PHL1620_HAIV_0355.png,Love,Solitary Individual (Kierkegaard),Emotion
PHL1620_HAIV_0356.png,"Self-Awareness (Husserl, Sartre)",Emotion,Personal Identity (Locke)
PHL1620_HAIV_0357.png,Death (Plato),Yijing / Artistic Conception (Wang Guowei),Fictional Entities
PHL1620_HAIV_0358.png,Freedom of Speech (Mill),Emotion,Imagination
PHL1620_HAIV_0359.png,Risk,Health and Disease,Death (Plato)
PHL1620_HAIV_0360.png,Labour and Work (Marx),"Anxiety (Kierkegaard, Heidegger)",Emotion
PHL1620_HAIV_0361.png,Temporality (Heidegger),Time (Aristotle),Lifeworld (Husserl)
PHL1620_HAIV_0362.png,Love,Pleasure (Plato),Care / Concern (Heidegger)
PHL1620_HAIV_0363.png,Emotion,"Knowledge (Plato, Aristotle)",Doubt (Peirce)
PHL1620_HAIV_0364.png,Friendship / Philia (Aristotle),Love,Yijing / Artistic Conception (Wang Guowei)
PHL1620_HAIV_0365.png,Risk,Emotion,Imagination
PHL1620_HAIV_0366.png,Coercion (Hobbes),Collective Intentionality,Social Ontology
PHL1620_HAIV_0367.png,Love,Death (Plato),Risk
PHL1620_HAIV_0368.png,Bounded Rationality,Consciousness (Locke),Media as Extensions of Human Senses (McLuhan)
PHL1620_HAIV_0369.png,Love,Emotion,Imagination
PHL1620_HAIV_0370.png,Love,Metaphysics of Change,Ecological Aesthetics (Berleant)
PHL1620_HAIV_0371.png,Friendship / Philia (Aristotle),Shared Agency,Pleasure (Plato)
PHL1620_HAIV_0372.png,Love,Yijing / Artistic Conception (Wang Guowei),Ecological Aesthetics (Berleant)
PHL1620_HAIV_0373.png,Love,Coercion (Hobbes),Negative Liberty (Berlin)
PHL1620_HAIV_0374.png,Love,Pleasure (Plato),Emotion
PHL1620_HAIV_0375.png,Love,Imagination,Consciousness (Locke)
PHL1620_HAIV_0376.png,Mereology (Leibniz),Personal Identity (Locke),Material Constitution (Locke)
PHL1620_HAIV_0377.png,Personal Identity (Locke),Mereology (Leibniz),Consciousness (Locke)
PHL1620_HAIV_0378.png,Ecological Aesthetics (Berleant),Love,Parenthood and Procreation
PHL1620_HAIV_0379.png,Music (Schopenhauer),Love,Emotion
PHL1620_HAIV_0380.png,Health and Disease,Emotion,Care / Concern (Heidegger)
PHL1620_HAIV_0381.png,Love,Emotion,Imagination
PHL1620_HAIV_0382.png,Love,Colour (Locke),Symmetry and Invariance
PHL1620_HAIV_0383.png,Philosophy of War,Imagined Communities (Anderson),Risk
PHL1620_HAIV_0384.png,Death (Plato),Metaphysics of Change,Yijing / Artistic Conception (Wang Guowei)
PHL1620_HAIV_0385.png,"Mimesis (Plato, Aristotle)",Colour (Locke),Personal Identity (Locke)
PHL1620_HAIV_0386.png,Consciousness (Locke),Cosmology (Aristotle),Imagination
PHL1620_HAIV_0387.png,Love,Imagination,Hope
PHL1620_HAIV_0388.png,Love,Emotion,Colour (Locke)
PHL1620_HAIV_0389.png,Self-Defense,Love,Risk
PHL1620_HAIV_0390.png,Ecological Aesthetics (Berleant),Globalisation,Everyday Aesthetics (Saito)
PHL1620_HAIV_0391.png,Death (Plato),Love,Imagination
PHL1620_HAIV_0392.png,Love,Media as Extensions of Human Senses (McLuhan),Imagination
PHL1620_HAIV_0393.png,Love,Pleasure (Plato),Colour (Locke)
PHL1620_HAIV_0394.png,Qi / Vital Energy (Zhang Zai),Imagination,Metaphysics of Change
PHL1620_HAIV_0395.png,Love,Personal Identity (Locke),Imagination
PHL1620_HAIV_0396.png,Love,Mereology (Leibniz),Risk
PHL1620_HAIV_0397.png,Coercion (Hobbes),Negative Liberty (Berlin),Boundaries (Aristotle)
PHL1620_HAIV_0398.png,Music (Schopenhauer),Love,Emotion
PHL1620_HAIV_0399.png,Sense of Place (Norberg-Schulz),Love,Yijing / Artistic Conception (Wang Guowei)
PHL1620_HAIV_0400.png,Risk,Love,Reference (Frege)
PHL1620_HAIV_0401.png,Love,Colour (Locke),Aesthetic Object (Dufrenne)
PHL1620_HAIV_0402.png,"Perception (Locke, Hume)",Imagination,Boundaries (Aristotle)
PHL1620_HAIV_0403.png,Ethics of Manipulation,Consciousness (Locke),"Effects & Consequences (James, Dewey)"
PHL1620_HAIV_0404.png,Ecological Aesthetics (Berleant),Risk,Collective Responsibility
PHL1620_HAIV_0405.png,Death (Plato),Emotion,Social Institutions
PHL1620_HAIV_0406.png,Bounded Rationality,Inquiry (Dewey),Weighing Reasons (Ross)
PHL1620_HAIV_0407.png,Love,Emotion,"Anxiety (Kierkegaard, Heidegger)"
PHL1620_HAIV_0408.png,Consciousness (Locke),Imagination,Ecological Aesthetics (Berleant)
PHL1620_HAIV_0409.png,Coercion (Hobbes),Consciousness (Locke),Negative Liberty (Berlin)
PHL1620_HAIV_0410.png,Aesthetic Contemplation (Schopenhauer),Hope,Yijing / Artistic Conception (Wang Guowei)
PHL1620_HAIV_0411.png,Emotion,Personal Identity (Locke),Imagination
PHL1620_HAIV_0412.png,Personal Identity (Locke),"Mimesis (Plato, Aristotle)",Colour (Locke)
PHL1620_HAIV_0413.png,Dream Argument (Descartes),Consciousness (Locke),Emotion
PHL1620_HAIV_0414.png,Freedom of Speech (Mill),Coercion (Hobbes),Imagination
PHL1620_HAIV_0415.png,Privacy (Warren & Brandeis),Doubt (Peirce),Boundaries (Aristotle)
PHL1620_HAIV_0416.png,Consciousness (Locke),"Perception (Locke, Hume)",Imagination
PHL1620_HAIV_0417.png,Care / Concern (Heidegger),Friendship / Philia (Aristotle),Trust
PHL1620_HAIV_0418.png,Consciousness (Locke),Imagination,Yijing / Artistic Conception (Wang Guowei)
PHL1620_HAIV_0419.png,Time (Aristotle),Temporality (Heidegger),Lifeworld (Husserl)
PHL1620_HAIV_0420.png,Consciousness (Locke),Imagination,Risk
PHL1620_HAIV_0421.png,Temporality (Heidegger),Time (Aristotle),Metaphysics of Change
PHL1620_HAIV_0422.png,Love,Consciousness (Locke),Emotion
PHL1620_HAIV_0423.png,Consciousness (Locke),Inquiry (Dewey),Solitary Individual (Kierkegaard)
PHL1620_HAIV_0424.png,Philosophy of War,Artefacts (Simon),Risk
PHL1620_HAIV_0425.png,Love,Imagination,Yijing / Artistic Conception (Wang Guowei)
PHL1620_HAIV_0426.png,Risk,"Effects & Consequences (James, Dewey)",Moral Status of Animals (Peter Singer)
PHL1620_HAIV_0427.png,Ecological Aesthetics (Berleant),Sense of Place (Norberg-Schulz),Artefacts (Simon)
PHL1620_HAIV_0428.png,Emotion,Colour (Locke),Yijing / Artistic Conception (Wang Guowei)
PHL1620_HAIV_0429.png,Fictional Entities,Imagination,"Mimesis (Plato, Aristotle)"
PHL1620_HAIV_0430.png,Love,Colour (Locke),Pleasure (Plato)
PHL1620_HAIV_0431.png,Consciousness (Locke),Imagination,Biodiversity
PHL1620_HAIV_0432.png,Freedom of Speech (Mill),Coercion (Hobbes),Boundaries (Aristotle)
PHL1620_HAIV_0433.png,Pleasure (Plato),Ecological Aesthetics (Berleant),Imagination
PHL1620_HAIV_0434.png,Imagined Communities (Anderson),Everyday Aesthetics (Saito),Reference (Frege)
PHL1620_HAIV_0435.png,"Synaesthesia and Cross-modal Perception (neuroaesthetics, cognitive science)",Music (Schopenhauer),Colour (Locke)
PHL1620_HAIV_0436.png,Risk,Imagination,Dynamical Sublime (Kant)
PHL1620_HAIV_0437.png,Will to Live (Schopenhauer),Agency,Health and Disease
PHL1620_HAIV_0438.png,Social Institutions,Colour (Locke),Dependent Beauty (Kant)
PHL1620_HAIV_0439.png,Music (Schopenhauer),"Aesthetic Experience (Dewey, Beardsley)","Rhythm (Pythagoreans, Plato)"
PHL1620_HAIV_0440.png,Othering (Said),Dignity,Social Ontology
PHL1620_HAIV_0441.png,Friendship / Philia (Aristotle),Trust,Temporality (Heidegger)
PHL1620_HAIV_0442.png,Emotion,Agency,Imagination
PHL1620_HAIV_0443.png,Market (Adam Smith),Property and Ownership (Locke),Artefacts (Simon)
PHL1620_HAIV_0444.png,Commodity Fetishism (Marx),Market (Adam Smith),Property and Ownership (Locke)
PHL1620_HAIV_0445.png,Dream Argument (Descartes),Time (Aristotle),Imagination
PHL1620_HAIV_0446.png,Opinion (Plato),Reference (Frege),Philosophy of Humor
PHL1620_HAIV_0447.png,Emotion,Empathy,Social Ontology
PHL1620_HAIV_0448.png,Property and Ownership (Locke),Equality (Aristotle),Market (Adam Smith)
PHL1620_HAIV_0449.png,Legal Obligation and Authority (Hobbes),Social Institutions,Rule of Law (Aristotle)
PHL1620_HAIV_0450.png,Commodity Fetishism (Marx),Market (Adam Smith),Imagination
PHL1620_HAIV_0451.png,Attention,Ethics of Manipulation,Imagination
PHL1620_HAIV_0452.png,Artefacts (Simon),Dispositions (Aristotle),Media as Extensions of Human Senses (McLuhan)
PHL1620_HAIV_0453.png,Death (Plato),Metaphysics of Change,Ecological Aesthetics (Berleant)
PHL1620_HAIV_0454.png,Pleasure (Plato),Globalisation,Imagination
PHL1620_HAIV_0455.png,Practical Reason (Aristotle),Risk,Agency
PHL1620_HAIV_0456.png,Love,Yijing / Artistic Conception (Wang Guowei),Aesthetic Contemplation (Schopenhauer)
PHL1620_HAIV_0457.png,Market (Adam Smith),Globalisation,Imagination
PHL1620_HAIV_0458.png,Love,Queer Aesthetics,Reference (Frege)
PHL1620_HAIV_0459.png,Media as Extensions of Human Senses (McLuhan),Artefacts (Simon),Readiness-to-Hand (Heidegger)
PHL1620_HAIV_0460.png,Property and Ownership (Locke),Emotion,Market (Adam Smith)
PHL1620_HAIV_0461.png,Consciousness (Locke),Imagination,"Idea (Locke, Hume)"
PHL1620_HAIV_0462.png,Love,Risk,Social Institutions
PHL1620_HAIV_0463.png,Friendship / Philia (Aristotle),Experience (Dewey),Ecological Aesthetics (Berleant)
PHL1620_HAIV_0464.png,Glitch Art (21st-century digital aesthetics),Reference (Frege),Ambiguity
PHL1620_HAIV_0465.png,Pleasure (Plato),Globalisation,Market (Adam Smith)
PHL1620_HAIV_0466.png,Altruism,Solidarity (Durkheim),Global Justice (Rawls)
PHL1620_HAIV_0467.png,Animal Cognition (Donald Griffin),Biodiversity,Imagination
PHL1620_HAIV_0468.png,Media as Extensions of Human Senses (McLuhan),Globalisation,Artefacts (Simon)
PHL1620_HAIV_0469.png,Market (Adam Smith),Risk,Property and Ownership (Locke)
PHL1620_HAIV_0470.png,Doubt (Peirce),Inquiry (Dewey),Personal Identity (Locke)
PHL1620_HAIV_0471.png,Freedom of Speech (Mill),Coercion (Hobbes),Reference (Frege)
PHL1620_HAIV_0472.png,Hope,Recognition (Hegel),Reference (Frege)
PHL1620_HAIV_0473.png,Consciousness (Locke),Simple & Complex Ideas (Locke),Imagination
PHL1620_HAIV_0474.png,Disciplinary Mechanisms (Foucault),Social Institutions,"Knowledge (Plato, Aristotle)"
PHL1620_HAIV_0475.png,Labour and Work (Marx),"Effects & Consequences (James, Dewey)",Risk
PHL1620_HAIV_0476.png,Personal Identity (Locke),Reference (Frege),Imagination
PHL1620_HAIV_0477.png,Sense of Place (Norberg-Schulz),Colour (Locke),Glitch Art (21st-century digital aesthetics)
PHL1620_HAIV_0478.png,Collective Intentionality,Freedom of Speech (Mill),Authority (Weber)
PHL1620_HAIV_0479.png,Media as Extensions of Human Senses (McLuhan),Reference (Frege),Imagination
PHL1620_HAIV_0480.png,Personal Identity (Locke),Emotion,Ambiguity
PHL1620_HAIV_0481.png,Labour and Work (Marx),Temporality (Heidegger),"Anxiety (Kierkegaard, Heidegger)"
PHL1620_HAIV_0482.png,Market (Adam Smith),Ethics of Manipulation,Reference (Frege)
PHL1620_HAIV_0483.png,Philosophy of Humor,"Mimesis (Plato, Aristotle)",Emotion
PHL1620_HAIV_0484.png,Distributive Justice (Rawls),Property and Ownership (Locke),Equality (Aristotle)
PHL1620_HAIV_0485.png,Haecceity / Thisness (principle of individuation),Personal Identity (Locke),Social Ontology
PHL1620_HAIV_0486.png,Doubt (Peirce),"Perception (Locke, Hume)",Imagination
PHL1620_HAIV_0487.png,Argument and Argumentation,Love,Doubt (Peirce)
PHL1620_HAIV_0488.png,Collective Intentionality,Solidarity (Durkheim),Freedom of Speech (Mill)
PHL1620_HAIV_0489.png,Music (Schopenhauer),"Idea (Locke, Hume)",Consciousness (Locke)
PHL1620_HAIV_0490.png,Love,Care / Concern (Heidegger),Altruism
PHL1620_HAIV_0491.png,Emotion,"Perception (Locke, Hume)","Mimesis (Plato, Aristotle)"
PHL1620_HAIV_0492.png,Social Epistemology (Goldman),Reference (Frege),Ambiguity
PHL1620_HAIV_0493.png,Risk,Social Institutions,"Effects & Consequences (James, Dewey)"
PHL1620_HAIV_0494.png,Freedom of Speech (Mill),Global Village (McLuhan),Collective Intentionality
PHL1620_HAIV_0495.png,Labour and Work (Marx),Bounded Rationality,Emotion
PHL1620_HAIV_0496.png,Friendship / Philia (Aristotle),Pleasure (Plato),Collective Intentionality
PHL1620_HAIV_0497.png,Bounded Rationality,Consciousness (Locke),Imagination
PHL1620_HAIV_0498.png,Labour and Work (Marx),"Anxiety (Kierkegaard, Heidegger)",Bounded Rationality
PHL1620_HAIV_0499.png,Death (Plato),Fictional Entities,Imagination
PHL1620_HAIV_0500.png,Emotion,"Effects & Consequences (James, Dewey)",Imagination
PHL1620_HAIV_0501.png,Love,Emotion,Imagination
PHL1620_HAIV_0502.png,Love,Emotion,Temporality (Heidegger)
PHL1620_HAIV_0503.png,Agency,Yijing / Artistic Conception (Wang Guowei),Dynamical Sublime (Kant)
PHL1620_HAIV_0504.png,Risk,"Effects & Consequences (James, Dewey)",Agency
PHL1620_HAIV_0505.png,Friendship / Philia (Aristotle),Pleasure (Plato),Recognition (Hegel)
PHL1620_HAIV_0506.png,Consciousness (Locke),Ethics of Manipulation,Imagination
PHL1620_HAIV_0507.png,Labour and Work (Marx),Agency,Ecological Aesthetics (Berleant)
PHL1620_HAIV_0508.png,Love,Emotion,Imagination
PHL1620_HAIV_0509.png,Love,Mereology (Leibniz),Material Constitution (Locke)
PHL1620_HAIV_0510.png,Love,Pleasure (Plato),Imagination
PHL1620_HAIV_0511.png,Love,Colour (Locke),Aesthetic Object (Dufrenne)
PHL1620_HAIV_0512.png,Integrity (Williams),Trust,Social Ontology
PHL1620_HAIV_0513.png,Personal Autonomy,Weighing Reasons (Ross),Temporality (Heidegger)
PHL1620_HAIV_0514.png,Agency,Experience (Dewey),Risk
PHL1620_HAIV_0515.png,Consciousness (Locke),Yijing / Artistic Conception (Wang Guowei),Imagination
PHL1620_HAIV_0516.png,"Effects & Consequences (James, Dewey)",Risk,Moral Responsibility (Aristotle)
PHL1620_HAIV_0517.png,Chance versus Randomness,Pleasure (Plato),Risk
PHL1620_HAIV_0518.png,Parenthood and Procreation,Love,Care / Concern (Heidegger)
PHL1620_HAIV_0519.png,Freedom of Speech (Mill),Emotion,Philosophy of Humor
PHL1620_HAIV_0520.png,Agency,Experience (Dewey),Fictional Entities
PHL1620_HAIV_0521.png,Property and Ownership (Locke),Market (Adam Smith),Argument and Argumentation
PHL1620_HAIV_0522.png,Ethics of Manipulation,Risk,Fictional Entities
PHL1620_HAIV_0523.png,Emotion,Yijing / Artistic Conception (Wang Guowei),Solitary Individual (Kierkegaard)
PHL1620_HAIV_0524.png,Love,Trust,Social Ontology
PHL1620_HAIV_0525.png,Personal Identity (Locke),"Mimesis (Plato, Aristotle)",Aesthetic Object (Dufrenne)
PHL1620_HAIV_0526.png,Love,Care / Concern (Heidegger),Altruism
PHL1620_HAIV_0527.png,Love,Emotion,Imagination
PHL1620_HAIV_0528.png,Love,Pleasure (Plato),"Rhythm (Pythagoreans, Plato)"
PHL1620_HAIV_0529.png,Artefacts (Simon),Labour and Work (Marx),Lifeworld (Husserl)
PHL1620_HAIV_0530.png,Fictional Entities,Agency,Resolve (Heidegger)
PHL1620_HAIV_0531.png,Love,Negative Liberty (Berlin),Imagination
PHL1620_HAIV_0532.png,Time (Aristotle),Temporality (Heidegger),Metaphysics of Change
PHL1620_HAIV_0533.png,Philosophy of Humor,Parody and Pastiche (Jameson),Market (Adam Smith)
PHL1620_HAIV_0534.png,Love,Analogy and Analogical Reasoning,Imagination
PHL1620_HAIV_0535.png,Love,Emotion,"Mimesis (Plato, Aristotle)"
PHL1620_HAIV_0536.png,Risk,Emotion,Imagination
PHL1620_HAIV_0537.png,Empathy,Love,"Perception (Locke, Hume)"
PHL1620_HAIV_0538.png,Love,Emotion,Metaphysics of Change
PHL1620_HAIV_0539.png,Property and Ownership (Locke),Emotion,Market (Adam Smith)
PHL1620_HAIV_0540.png,Doubt (Peirce),Fictional Entities,Philosophy of Humor
PHL1620_HAIV_0541.png,Temporality (Heidegger),Time (Aristotle),Imagination
PHL1620_HAIV_0542.png,Risk,Dynamical Sublime (Kant),Will to Live (Schopenhauer)
PHL1620_HAIV_0543.png,Love,Emotion,Care / Concern (Heidegger)
PHL1620_HAIV_0544.png,Love,Pleasure (Plato),Colour (Locke)
PHL1620_HAIV_0545.png,"Idea (Locke, Hume)",Novelty (Hutcheson),Emotion
PHL1620_HAIV_0546.png,Consciousness (Locke),Imagination,Yijing / Artistic Conception (Wang Guowei)
PHL1620_HAIV_0547.png,Fictional Entities,Dynamical Sublime (Kant),Imagination
PHL1620_HAIV_0548.png,Consciousness (Locke),Emotion,Imagination
PHL1620_HAIV_0549.png,Sense of Place (Norberg-Schulz),Colour (Locke),Spectacle (Debord)
PHL1620_HAIV_0550.png,Fictional Entities,Social Ontology,Imagination
PHL1620_HL_0001.png,Legal Obligation and Authority (Hobbes),Social Institutions,Risk
PHL1620_HL_0002.png,Time (Aristotle),Artefacts (Simon),Lifeworld (Husserl)
PHL1620_HL_0003.png,Lifeworld (Husserl),Social Ontology,Media as Extensions of Human Senses (McLuhan)
PHL1620_HL_0004.png,Moral Status of Animals (Peter Singer),Risk,Ecological Aesthetics (Berleant)
PHL1620_HL_0005.png,Care / Concern (Heidegger),Lifeworld (Husserl),Sense of Place (Norberg-Schulz)
PHL1620_HL_0006.png,Time (Aristotle),Experience (Dewey),Attention
PHL1620_HL_0007.png,Lifeworld (Husserl),Sense of Place (Norberg-Schulz),Market (Adam Smith)
PHL1620_HL_0008.png,Lifeworld (Husserl),Experience (Dewey),Public Goods (Samuelson)
PHL1620_HL_0009.png,"Mimesis (Plato, Aristotle)",Aesthetic Object (Dufrenne),Participatory Aesthetics (Berleant)
PHL1620_HL_0010.png,Freedom of Speech (Mill),Solidarity (Durkheim),Collective Intentionality
PHL1620_HL_0011.png,Parenthood and Procreation,Care / Concern (Heidegger),Lifeworld (Husserl)
PHL1620_HL_0012.png,Time (Aristotle),Dependent Beauty (Kant),Social Institutions
PHL1620_HL_0013.png,Care / Concern (Heidegger),Lifeworld (Husserl),Colour (Locke)
PHL1620_HL_0014.png,Sense of Place (Norberg-Schulz),Social Institutions,Yijing / Artistic Conception (Wang Guowei)
PHL1620_HL_0015.png,"Perception (Locke, Hume)","Primary & Secondary Qualities (Locke, Galileo)",Artefacts (Simon)
PHL1620_HL_0016.png,Freedom of Speech (Mill),Solidarity (Durkheim),Collective Intentionality
PHL1620_HL_0017.png,"Self-Awareness (Husserl, Sartre)",Mechanical Reproduction (Benjamin),"Mimesis (Plato, Aristotle)"
PHL1620_HL_0018.png,Agency,Ecological Aesthetics (Berleant),Experience (Dewey)
PHL1620_HL_0019.png,Legal Obligation and Authority (Hobbes),Freedom of Speech (Mill),Social Institutions
PHL1620_HL_0020.png,Lifeworld (Husserl),Media as Extensions of Human Senses (McLuhan),Experience (Dewey)
PHL1620_HL_0021.png,Social Institutions,Reference (Frege),Lifeworld (Husserl)
PHL1620_HL_0022.png,Philosophy of War,Memory,Artefacts (Simon)
PHL1620_HL_0023.png,"Self-Awareness (Husserl, Sartre)","Mimesis (Plato, Aristotle)",Mechanical Reproduction (Benjamin)
PHL1620_HL_0024.png,Social Institutions,Lifeworld (Husserl),Sense of Place (Norberg-Schulz)
PHL1620_HL_0025.png,Philosophy of War,Memory,Artefacts (Simon)
PHL1620_HL_0026.png,Moral Status of Animals (Peter Singer),Biodiversity,Social Institutions
PHL1620_HL_0027.png,"Self-Awareness (Husserl, Sartre)","Perception (Locke, Hume)",Lifeworld (Husserl)
PHL1620_HL_0028.png,Authority (Weber),Social Institutions,Shared Agency
PHL1620_HL_0029.png,Artefacts (Simon),Labour and Work (Marx),Memory
PHL1620_HL_0030.png,"Perception (Locke, Hume)","Primary & Secondary Qualities (Locke, Galileo)","Mimesis (Plato, Aristotle)"
PHL1620_HL_0031.png,Sense of Place (Norberg-Schulz),Time (Aristotle),Social Institutions
PHL1620_HL_0032.png,Time (Aristotle),Artefacts (Simon),Lifeworld (Husserl)
PHL1620_HL_0033.png,Time (Aristotle),Sense of Place (Norberg-Schulz),Dependent Beauty (Kant)
PHL1620_HL_0034.png,Time (Aristotle),Dependent Beauty (Kant),Artefacts (Simon)
PHL1620_HL_0035.png,Time (Aristotle),Dependent Beauty (Kant),Cosmology (Aristotle)
PHL1620_HL_0036.png,Time (Aristotle),Memory,"Mimesis (Plato, Aristotle)"
PHL1620_HL_0037.png,Market (Adam Smith),Labour and Work (Marx),Time (Aristotle)
PHL1620_HL_0038.png,Time (Aristotle),Sense of Place (Norberg-Schulz),Dependent Beauty (Kant)
PHL1620_HL_0039.png,Sense of Place (Norberg-Schulz),Time (Aristotle),Dependent Beauty (Kant)
PHL1620_HL_0040.png,Lifeworld (Husserl),Ordinary Objects (Austin),Media as Extensions of Human Senses (McLuhan)
PHL1620_HL_0041.png,Time (Aristotle),Artefacts (Simon),Dependent Beauty (Kant)
PHL1620_HL_0042.png,Lifeworld (Husserl),Public Goods (Samuelson),Ecological Aesthetics (Berleant)
PHL1620_HL_0043.png,Sense of Place (Norberg-Schulz),Time (Aristotle),Artefacts (Simon)
PHL1620_HL_0044.png,Shared Agency,Experience (Dewey),Pleasure (Plato)
PHL1620_HL_0045.png,Sense of Place (Norberg-Schulz),Time (Aristotle),Artefacts (Simon)
PHL1620_HL_0046.png,Time (Aristotle),Artefacts (Simon),Lifeworld (Husserl)
PHL1620_HL_0047.png,Time (Aristotle),"Mimesis (Plato, Aristotle)",Dependent Beauty (Kant)
PHL1620_HL_0048.png,Sense of Place (Norberg-Schulz),Time (Aristotle),Social Institutions
PHL1620_HL_0049.png,Media as Extensions of Human Senses (McLuhan),Lifeworld (Husserl),Attention
PHL1620_HL_0050.png,Moral Status of Animals (Peter Singer),Biodiversity,Boundaries (Aristotle)
PHL1620_HL_0051.png,Time (Aristotle),Lifeworld (Husserl),Artefacts (Simon)
PHL1620_HL_0052.png,Time (Aristotle),Cosmology (Aristotle),Dependent Beauty (Kant)
PHL1620_HL_0053.png,Time (Aristotle),Agency,Artefacts (Simon)
PHL1620_HL_0054.png,Time (Aristotle),Sense of Place (Norberg-Schulz),Lifeworld (Husserl)
PHL1620_HL_0055.png,Time (Aristotle),Mereology (Leibniz),Causation (Hume)
PHL1620_HL_0056.png,Social Institutions,Reference (Frege),Lifeworld (Husserl)
PHL1620_HL_0057.png,Agency,Experience (Dewey),Attention
PHL1620_HL_0058.png,Sense of Place (Norberg-Schulz),Time (Aristotle),Lifeworld (Husserl)
PHL1620_HL_0059.png,Media as Extensions of Human Senses (McLuhan),Lifeworld (Husserl),Experience (Dewey)
PHL1620_HL_0060.png,Collective Intentionality,Time (Aristotle),Pleasure (Plato)
PHL1620_HL_0061.png,Artefacts (Simon),"Mimesis (Plato, Aristotle)",Market (Adam Smith)
PHL1620_HL_0062.png,Market (Adam Smith),Labour and Work (Marx),Lifeworld (Husserl)
PHL1620_HL_0063.png,Sense of Place (Norberg-Schulz),Time (Aristotle),Social Institutions
PHL1620_HL_0064.png,Time (Aristotle),Cosmology (Aristotle),Dependent Beauty (Kant)
PHL1620_HL_0065.png,Reference (Frege),Social Institutions,Lifeworld (Husserl)
PHL1620_HL_0066.png,Agency,Attention,Experience (Dewey)
PHL1620_HL_0067.png,Moral Status of Animals (Peter Singer),Social Institutions,Labour and Work (Marx)
PHL1620_HL_0068.png,Social Institutions,Media as Extensions of Human Senses (McLuhan),Attention
PHL1620_HL_0069.png,Experience (Dewey),Agency,Media as Extensions of Human Senses (McLuhan)
PHL1620_HL_0070.png,Agency,Attention,Experience (Dewey)
PHL1620_HL_0071.png,Sense of Place (Norberg-Schulz),Time (Aristotle),Dependent Beauty (Kant)
PHL1620_HL_0072.png,Moral Status of Animals (Peter Singer),Experience (Dewey),Boundaries (Aristotle)
PHL1620_HL_0073.png,"Mimesis (Plato, Aristotle)",Dependent Beauty (Kant),Sense of Place (Norberg-Schulz)
PHL1620_HL_0074.png,Agency,"Mimesis (Plato, Aristotle)",Philosophy of Humor
PHL1620_HL_0075.png,Parenthood and Procreation,Care / Concern (Heidegger),Experience (Dewey)
PHL1620_HL_0076.png,Freedom of Speech (Mill),Sense of Place (Norberg-Schulz),Time (Aristotle)
PHL1620_HL_0077.png,Media as Extensions of Human Senses (McLuhan),Experience (Dewey),Attention
PHL1620_HL_0078.png,Legal Obligation and Authority (Hobbes),Social Institutions,Lifeworld (Husserl)
PHL1620_HL_0079.png,Freedom of Speech (Mill),Common Good (Aristotle),Property and Ownership (Locke)
PHL1620_HL_0080.png,Discrimination,Hate Speech (Dworkin),Freedom of Speech (Mill)
PHL1620_HL_0081.png,Boundaries (Aristotle),Lifeworld (Husserl),Artefacts (Simon)
PHL1620_HL_0082.png,Freedom of Speech (Mill),Rights (Kant),Moral Disagreement (Mackie)
PHL1620_HL_0083.png,Media as Extensions of Human Senses (McLuhan),Agency,Lifeworld (Husserl)
PHL1620_HL_0084.png,Media as Extensions of Human Senses (McLuhan),Readiness-to-Hand (Heidegger),Agency
PHL1620_HL_0085.png,Agency,Experience (Dewey),Boundaries (Aristotle)
PHL1620_HL_0086.png,Animal Cognition (Donald Griffin),Experience (Dewey),Agency
PHL1620_HL_0087.png,Freedom of Speech (Mill),Solidarity (Durkheim),Philosophy of War
PHL1620_HL_0088.png,Moral Status of Animals (Peter Singer),Biodiversity,Boundaries (Aristotle)
PHL1620_HL_0089.png,"Culture Industry (Adorno, Horkheimer)",Media as Extensions of Human Senses (McLuhan),Lifeworld (Husserl)
PHL1620_HL_0090.png,Agency,Experience (Dewey),Shared Agency
PHL1620_HL_0091.png,Agency,Experience (Dewey),Attention
PHL1620_HL_0092.png,Moral Status of Animals (Peter Singer),Experience (Dewey),Care / Concern (Heidegger)
PHL1620_HL_0093.png,Market (Adam Smith),Social Ontology,Lifeworld (Husserl)
PHL1620_HL_0094.png,Lifeworld (Husserl),Artefacts (Simon),Social Ontology
PHL1620_HL_0095.png,Shared Agency,Social Institutions,Experience (Dewey)
PHL1620_HL_0096.png,Risk,Agency,Experience (Dewey)
PHL1620_HL_0097.png,Ordinary Objects (Austin),Lifeworld (Husserl),Metaphysics of Change
PHL1620_HL_0098.png,Aesthetic Object (Dufrenne),"Mimesis (Plato, Aristotle)","Aesthetic Perception (Merleau-Ponty, Dufrenne)"
PHL1620_HL_0099.png,Experience (Dewey),Agency,Media as Extensions of Human Senses (McLuhan)
PHL1620_HL_0100.png,Risk,Agency,Experience (Dewey)
PHL1620_HL_0101.png,Risk,Agency,Experience (Dewey)
PHL1620_HL_0102.png,Agency,Risk,Experience (Dewey)
PHL1620_HL_0103.png,"Mimesis (Plato, Aristotle)",Philosophy of Humor,Participatory Aesthetics (Berleant)
PHL1620_HL_0104.png,Shared Agency,Agency,Experience (Dewey)
PHL1620_HL_0105.png,Dynamical Sublime (Kant),Risk,Ecological Aesthetics (Berleant)
PHL1620_HL_0106.png,Agency,Moral Status of Animals (Peter Singer),Experience (Dewey)
PHL1620_HL_0107.png,Biodiversity,Ecological Aesthetics (Berleant),Moral Status of Animals (Peter Singer)
PHL1620_HL_0108.png,Aesthetic Object (Dufrenne),"Mimesis (Plato, Aristotle)","Aesthetic Perception (Merleau-Ponty, Dufrenne)"
PHL1620_HL_0109.png,Social Institutions,Agency,Reference (Frege)
PHL1620_HL_0110.png,Lifeworld (Husserl),Moral Status of Animals (Peter Singer),Ecological Aesthetics (Berleant)
PHL1620_HL_0111.png,Media as Extensions of Human Senses (McLuhan),Agency,Attention
PHL1620_HL_0112.png,Experience (Dewey),Agency,Media as Extensions of Human Senses (McLuhan)
PHL1620_HL_0113.png,Media as Extensions of Human Senses (McLuhan),Agency,Lifeworld (Husserl)
PHL1620_HL_0114.png,Moral Status of Animals (Peter Singer),Boundaries (Aristotle),Mechanical Reproduction (Benjamin)
PHL1620_HL_0115.png,Animal Cognition (Donald Griffin),Lifeworld (Husserl),Moral Status of Animals (Peter Singer)
PHL1620_HL_0116.png,Experience (Dewey),Moral Status of Animals (Peter Singer),"Perception (Locke, Hume)"
PHL1620_HL_0117.png,Agency,Experience (Dewey),Risk
PHL1620_HL_0118.png,Fictional Entities,"Mimesis (Plato, Aristotle)",Participatory Aesthetics (Berleant)
PHL1620_HL_0119.png,Freedom of Speech (Mill),The Politicized Body,Collective Intentionality
PHL1620_HL_0120.png,Agency,Attention,Experience (Dewey)
PHL1620_HL_0121.png,Media as Extensions of Human Senses (McLuhan),Readiness-to-Hand (Heidegger),Agency
PHL1620_HL_0122.png,"Perception (Locke, Hume)",Reference (Frege),Social Institutions
PHL1620_HL_0123.png,Everyday Aesthetics (Saito),Ecological Aesthetics (Berleant),Colour (Locke)
PHL1620_HL_0124.png,"Mimesis (Plato, Aristotle)",Aesthetic Object (Dufrenne),Sense of Place (Norberg-Schulz)
PHL1620_HL_0125.png,Artefacts (Simon),Social Institutions,Dependent Beauty (Kant)
PHL1620_HL_0126.png,Market (Adam Smith),Lifeworld (Husserl),Social Ontology
PHL1620_HL_0127.png,Lifeworld (Husserl),Social Ontology,Ordinary Objects (Austin)
PHL1620_HL_0128.png,"Self-Awareness (Husserl, Sartre)",Aesthetic Judgment (Hume),Colour (Locke)
PHL1620_HL_0129.png,Freedom of Speech (Mill),Collective Intentionality,Solidarity (Durkheim)
PHL1620_HL_0130.png,Market (Adam Smith),Lifeworld (Husserl),Social Ontology
PHL1620_HL_0131.png,Emotion,Parenthood and Procreation,Care / Concern (Heidegger)
PHL1620_HL_0132.png,"Mimesis (Plato, Aristotle)",Aesthetic Object (Dufrenne),Sense of Place (Norberg-Schulz)
PHL1620_HL_0133.png,Social Institutions,Sense of Place (Norberg-Schulz),Artefacts (Simon)
PHL1620_HL_0134.png,"Mimesis (Plato, Aristotle)",Participatory Aesthetics (Berleant),Philosophy of Humor
PHL1620_HL_0135.png,"Mimesis (Plato, Aristotle)",Fictional Entities,Imagination
PHL1620_HL_0136.png,Risk,Agency,Experience (Dewey)
PHL1620_HL_0137.png,Time (Aristotle),Dependent Beauty (Kant),Artefacts (Simon)
PHL1620_HL_0138.png,Agency,Experience (Dewey),Lifeworld (Husserl)
PHL1620_HL_0139.png,Social Institutions,Lifeworld (Husserl),Sense of Place (Norberg-Schulz)
PHL1620_HL_0140.png,Privacy (Warren & Brandeis),Reference (Frege),"Mimesis (Plato, Aristotle)"
PHL1620_HL_0141.png,Artefacts (Simon),Colour (Locke),Everyday Aesthetics (Saito)
PHL1620_HL_0142.png,Social Institutions,Reference (Frege),Lifeworld (Husserl)
PHL1620_HL_0143.png,"Mimesis (Plato, Aristotle)",Memory,Aesthetic Object (Dufrenne)
PHL1620_HL_0144.png,"Mimesis (Plato, Aristotle)",Imagination,Pleasure (Plato)
PHL1620_HL_0145.png,"Self-Awareness (Husserl, Sartre)",Aesthetic Judgment (Hume),Labour and Work (Marx)
PHL1620_HL_0146.png,"Mimesis (Plato, Aristotle)",Aesthetic Object (Dufrenne),Love
PHL1620_HL_0147.png,Social Institutions,Lifeworld (Husserl),Artefacts (Simon)
PHL1620_HL_0148.png,Shared Agency,Experience (Dewey),Pleasure (Plato)
PHL1620_HL_0149.png,Social Institutions,Artefacts (Simon),Lifeworld (Husserl)
PHL1620_HL_0150.png,Freedom of Speech (Mill),Collective Intentionality,Solidarity (Durkheim)
PHL1620_HL_0151.png,Sense of Place (Norberg-Schulz),Time (Aristotle),Social Institutions
PHL1620_HL_0152.png,Shared Agency,Labour and Work (Marx),Artefacts (Simon)
PHL1620_HL_0153.png,Agency,Attention,Experience (Dewey)
PHL1620_HL_0154.png,"Mimesis (Plato, Aristotle)",Aesthetic Object (Dufrenne),"Aesthetic Perception (Merleau-Ponty, Dufrenne)"
PHL1620_HL_0155.png,Animal Cognition (Donald Griffin),"Perception (Locke, Hume)",Boundaries (Aristotle)
PHL1620_HL_0156.png,Experience (Dewey),Agency,Lifeworld (Husserl)
PHL1620_HL_0157.png,Reference (Frege),Social Institutions,Legal Obligation and Authority (Hobbes)
PHL1620_HL_0158.png,Agency,Experience (Dewey),Risk
PHL1620_HL_0159.png,Experience (Dewey),Pleasure (Plato),Ecological Aesthetics (Berleant)
PHL1620_HL_0160.png,"Mimesis (Plato, Aristotle)",Aesthetic Object (Dufrenne),"Aesthetic Experience (Dewey, Beardsley)"
PHL1620_HL_0161.png,Ecological Aesthetics (Berleant),Sense of Place (Norberg-Schulz),Lifeworld (Husserl)
PHL1620_HL_0162.png,"Perception (Locke, Hume)",Reference (Frege),"Primary & Secondary Qualities (Locke, Galileo)"
PHL1620_HL_0163.png,Media as Extensions of Human Senses (McLuhan),Lifeworld (Husserl),Attention
PHL1620_HL_0164.png,Agency,Experience (Dewey),Attention
PHL1620_HL_0165.png,Agency,Experience (Dewey),Risk
PHL1620_HL_0166.png,Shared Agency,Experience (Dewey),Ecological Aesthetics (Berleant)
PHL1620_HL_0167.png,Social Institutions,Experience (Dewey),Social Ontology
PHL1620_HL_0168.png,Lifeworld (Husserl),Ordinary Objects (Austin),Everyday Aesthetics (Saito)
PHL1620_HL_0169.png,Biodiversity,Evidence,Social Institutions
PHL1620_HL_0170.png,Social Institutions,Propriety (Aristotle),Artefacts (Simon)
PHL1620_HL_0171.png,Moral Status of Animals (Peter Singer),Biodiversity,Social Institutions
PHL1620_HL_0172.png,Lifeworld (Husserl),Social Ontology,Artefacts (Simon)
PHL1620_HL_0173.png,Knowledge by Description (Russell),Experience (Dewey),Everyday Aesthetics (Saito)
PHL1620_HL_0174.png,Altruism,Shared Agency,Social Ontology
PHL1620_HL_0175.png,Social Epistemology (Goldman),Shared Agency,Media as Extensions of Human Senses (McLuhan)
PHL1620_HL_0176.png,Shared Agency,Experience (Dewey),Social Institutions
PHL1620_HL_0177.png,"Knowledge (Plato, Aristotle)",Attention,Experience (Dewey)
PHL1620_HL_0178.png,Artefacts (Simon),Dispositions (Aristotle),Social Institutions
PHL1620_HL_0179.png,Dependent Beauty (Kant),Sense of Place (Norberg-Schulz),"Aesthetic Experience (Dewey, Beardsley)"
PHL1620_HL_0180.png,Social Institutions,Social Epistemology (Goldman),Common Good (Aristotle)
PHL1620_HL_0181.png,"Knowledge (Plato, Aristotle)",Attention,Lifeworld (Husserl)
PHL1620_HL_0182.png,Media as Extensions of Human Senses (McLuhan),Attention,Lifeworld (Husserl)
PHL1620_HL_0183.png,Friendship / Philia (Aristotle),Social Institutions,Pleasure (Plato)
PHL1620_HL_0184.png,Everyday Aesthetics (Saito),Lifeworld (Husserl),Colour (Locke)
PHL1620_HL_0185.png,Lifeworld (Husserl),Social Ontology,Pleasure (Plato)
PHL1620_HL_0186.png,Media as Extensions of Human Senses (McLuhan),"Culture Industry (Adorno, Horkheimer)",Lifeworld (Husserl)
PHL1620_HL_0187.png,Yijing / Artistic Conception (Wang Guowei),Boundaries (Aristotle),Everyday Aesthetics (Saito)
PHL1620_HL_0188.png,Lifeworld (Husserl),Media as Extensions of Human Senses (McLuhan),Attention
PHL1620_HL_0189.png,Fiction (Walton),Imagination,Attention
PHL1620_HL_0190.png,Media as Extensions of Human Senses (McLuhan),Social Ontology,Lifeworld (Husserl)
PHL1620_HL_0191.png,"Culture Industry (Adorno, Horkheimer)",Social Epistemology (Goldman),Pleasure (Plato)
PHL1620_HL_0192.png,Pleasure (Plato),Social Ontology,Lifeworld (Husserl)
PHL1620_HL_0193.png,Social Institutions,Social Epistemology (Goldman),Attention
PHL1620_HL_0194.png,"Knowledge (Plato, Aristotle)",Attention,Lifeworld (Husserl)
PHL1620_HL_0195.png,Social Ontology,Lifeworld (Husserl),Pleasure (Plato)
PHL1620_HL_0196.png,"Knowledge (Plato, Aristotle)",Social Epistemology (Goldman),Care / Concern (Heidegger)
PHL1620_HL_0197.png,Everyday Aesthetics (Saito),Colour (Locke),Artefacts (Simon)
PHL1620_HL_0198.png,Artefacts (Simon),Social Institutions,Memory
PHL1620_HL_0199.png,Social Institutions,Artefacts (Simon),Lifeworld (Husserl)
PHL1620_HL_0200.png,Philosophy of War,Artefacts (Simon),Memory
PHL1620_HL_0201.png,Social Institutions,Social Ontology,Memory
PHL1620_HL_0202.png,"Knowledge (Plato, Aristotle)",Attention,Lifeworld (Husserl)
PHL1620_HL_0203.png,Knowledge by Description (Russell),Everyday Aesthetics (Saito),Lifeworld (Husserl)
PHL1620_HL_0204.png,"Knowledge (Plato, Aristotle)",Attention,Lifeworld (Husserl)
PHL1620_HL_0205.png,Labour and Work (Marx),Moral Status of Animals (Peter Singer),Experience (Dewey)
PHL1620_HL_0206.png,"Perception (Locke, Hume)","Primary & Secondary Qualities (Locke, Galileo)",Artefacts (Simon)
PHL1620_HL_0207.png,Social Institutions,Artefacts (Simon),Lifeworld (Husserl)
PHL1620_HL_0208.png,Biodiversity,Evidence,Social Institutions
PHL1620_HL_0209.png,Civic Education (Aristotle),Reference (Frege),Social Institutions
PHL1620_HL_0210.png,Agency,Experience (Dewey),Lifeworld (Husserl)
PHL1620_HL_0211.png,Social Epistemology (Goldman),Care / Concern (Heidegger),Lifeworld (Husserl)
PHL1620_HL_0212.png,Experience (Dewey),Shared Agency,Attention
PHL1620_HL_0213.png,Aesthetic Object (Dufrenne),"Mimesis (Plato, Aristotle)",Social Institutions
PHL1620_HL_0214.png,Agency,Experience (Dewey),Attention
PHL1620_HL_0215.png,Lifeworld (Husserl),"Knowledge (Plato, Aristotle)",Attention
PHL1620_HL_0216.png,Legal Obligation and Authority (Hobbes),Social Institutions,Authority (Weber)
PHL1620_HL_0217.png,Legal Obligation and Authority (Hobbes),Social Institutions,Agency
PHL1620_HL_0218.png,Altruism,Compassion / Karuṇā (Buddhism),Solidarity (Durkheim)
PHL1620_HL_0219.png,Legal Obligation and Authority (Hobbes),Social Institutions,Lifeworld (Husserl)
PHL1620_HL_0220.png,Health and Disease,Philosophy of Biomedicine,Care / Concern (Heidegger)
PHL1620_HL_0221.png,Legal Obligation and Authority (Hobbes),Social Institutions,Social Ontology
PHL1620_HL_0222.png,Shared Agency,Lifeworld (Husserl),Artefacts (Simon)
PHL1620_HL_0223.png,Social Institutions,Collective Intentionality,Authority (Weber)
PHL1620_HL_0224.png,Social Ontology,Pleasure (Plato),Lifeworld (Husserl)
PHL1620_HL_0225.png,Agency,Experience (Dewey),Social Institutions
PHL1620_HL_0226.png,Legal Obligation and Authority (Hobbes),Social Institutions,Reference (Frege)
PHL1620_HL_0227.png,Agency,Attention,Experience (Dewey)
PHL1620_HL_0228.png,Legal Obligation and Authority (Hobbes),Authority (Weber),Social Institutions
PHL1620_HL_0229.png,Legal Obligation and Authority (Hobbes),Social Institutions,Agency
PHL1620_HL_0230.png,Legal Obligation and Authority (Hobbes),Social Institutions,Shared Agency
PHL1620_HL_0231.png,Legal Obligation and Authority (Hobbes),Reference (Frege),Social Institutions
PHL1620_HL_0232.png,Legal Obligation and Authority (Hobbes),Social Institutions,Shared Agency
PHL1620_HL_0233.png,Common Good (Aristotle),Social Institutions,Labour and Work (Marx)
PHL1620_HL_0234.png,Collective Intentionality,Social Institutions,Sense of Place (Norberg-Schulz)
PHL1620_HL_0235.png,Legal Obligation and Authority (Hobbes),Social Institutions,Social Ontology
PHL1620_HL_0236.png,Legal Obligation and Authority (Hobbes),Sense of Place (Norberg-Schulz),Time (Aristotle)
PHL1620_HL_0237.png,Agency,Attention,Experience (Dewey)
PHL1620_HL_0238.png,Common Good (Aristotle),Social Institutions,Artefacts (Simon)
PHL1620_HL_0239.png,Shared Agency,Agency,Experience (Dewey)
PHL1620_HL_0240.png,Legal Obligation and Authority (Hobbes),Social Institutions,Artefacts (Simon)
PHL1620_HL_0241.png,Agency,Experience (Dewey),Pleasure (Plato)
PHL1620_HL_0242.png,Moral Status of Animals (Peter Singer),Experience (Dewey),Social Institutions
PHL1620_HL_0243.png,Legal Obligation and Authority (Hobbes),Social Institutions,Artefacts (Simon)
PHL1620_HL_0244.png,Sense of Place (Norberg-Schulz),Ecological Aesthetics (Berleant),Dependent Beauty (Kant)
PHL1620_HL_0245.png,Shared Agency,Social Institutions,Social Ontology
PHL1620_HL_0246.png,Legal Obligation and Authority (Hobbes),Social Institutions,Shared Agency
PHL1620_HL_0247.png,Agency,Attention,Experience (Dewey)
PHL1620_HL_0248.png,Legal Obligation and Authority (Hobbes),Social Institutions,Media as Extensions of Human Senses (McLuhan)
PHL1620_HL_0249.png,Agency,Experience (Dewey),Shared Agency
PHL1620_HL_0250.png,"Mimesis (Plato, Aristotle)",Fictional Entities,Participatory Aesthetics (Berleant)
PHL1620_HL_0251.png,Legal Obligation and Authority (Hobbes),Social Institutions,Lifeworld (Husserl)
PHL1620_HL_0252.png,Experience (Dewey),Memory,Social Institutions
PHL1620_HL_0253.png,Agency,Attention,Experience (Dewey)
PHL1620_HL_0254.png,Attention,Agency,Social Institutions
PHL1620_HL_0255.png,Agency,Experience (Dewey),Attention
PHL1620_HL_0256.png,Attention,Agency,Experience (Dewey)
PHL1620_HL_0257.png,Experience (Dewey),Memory,Lifeworld (Husserl)
PHL1620_HL_0258.png,Agency,Social Institutions,Experience (Dewey)
PHL1620_HL_0259.png,Lifeworld (Husserl),Yijing / Artistic Conception (Wang Guowei),Everyday Aesthetics (Saito)
PHL1620_HL_0260.png,Legal Obligation and Authority (Hobbes),Social Institutions,Social Ontology
PHL1620_HL_0261.png,Legal Obligation and Authority (Hobbes),Social Institutions,Collective Intentionality
PHL1620_HL_0262.png,Agency,Experience (Dewey),Attention
PHL1620_HL_0263.png,Memory,Artefacts (Simon),Social Institutions
PHL1620_HL_0264.png,Memory,Death (Plato),Duty (Kant)
PHL1620_HL_0265.png,Moral Status of Animals (Peter Singer),Animal Cognition (Donald Griffin),Social Institutions
PHL1620_HL_0266.png,Moral Status of Animals (Peter Singer),Social Institutions,Agency
PHL1620_HL_0267.png,Social Institutions,Collective Intentionality,Memory
PHL1620_HL_0268.png,Philosophy of War,Memory,Artefacts (Simon)
PHL1620_HL_0269.png,Philosophy of War,Artefacts (Simon),Social Institutions
PHL1620_HL_0270.png,Agency,Experience (Dewey),Moral Status of Animals (Peter Singer)
PHL1620_HL_0271.png,Philosophy of War,Social Institutions,Authority (Weber)
PHL1620_HL_0272.png,Shared Agency,Experience (Dewey),Social Ontology
PHL1620_HL_0273.png,Philosophy of War,Memory,Artefacts (Simon)
PHL1620_HL_0274.png,Philosophy of War,Artefacts (Simon),Social Institutions
PHL1620_HL_0275.png,Agency,Experience (Dewey),Social Institutions
PHL1620_HL_0276.png,Memory,Time (Aristotle),Sense of Place (Norberg-Schulz)
PHL1620_HL_0277.png,Shared Agency,Social Institutions,Experience (Dewey)
PHL1620_HL_0278.png,Philosophy of War,Social Institutions,Social Ontology
PHL1620_HL_0279.png,Labour and Work (Marx),Social Institutions,Artefacts (Simon)
PHL1620_HL_0280.png,Moral Status of Animals (Peter Singer),Social Institutions,Agency
PHL1620_HL_0281.png,Agency,Experience (Dewey),Social Institutions
PHL1620_HL_0282.png,Social Institutions,Memory,Experience (Dewey)
PHL1620_HL_0283.png,Attention,Agency,Experience (Dewey)
PHL1620_HL_0284.png,Authority (Weber),Social Institutions,Philosophy of War
PHL1620_HL_0285.png,Agency,Attention,Experience (Dewey)
PHL1620_HL_0286.png,Friendship / Philia (Aristotle),Experience (Dewey),Pleasure (Plato)
PHL1620_HL_0287.png,Moral Status of Animals (Peter Singer),Social Institutions,Agency
PHL1620_HL_0288.png,Agency,Experience (Dewey),Attention
PHL1620_HL_0289.png,Love,Aesthetic Object (Dufrenne),"Mimesis (Plato, Aristotle)"
PHL1620_HL_0290.png,Legal Obligation and Authority (Hobbes),Social Institutions,Shared Agency
PHL1620_HL_0291.png,Philosophy of War,Media as Extensions of Human Senses (McLuhan),Labour and Work (Marx)
PHL1620_HL_0292.png,Moral Status of Animals (Peter Singer),Social Institutions,Pleasure (Plato)
PHL1620_HL_0293.png,Social Institutions,Duty (Kant),Respect (Kant)
PHL1620_HL_0294.png,Agency,Experience (Dewey),Attention
PHL1620_HL_0295.png,Agency,Experience (Dewey),Social Institutions
PHL1620_HL_0296.png,Shared Agency,Memory,Social Institutions
PHL1620_HL_0297.png,Agency,Experience (Dewey),Risk
PHL1620_HL_0298.png,Social Institutions,Agency,Experience (Dewey)
PHL1620_HL_0299.png,Agency,Experience (Dewey),Risk
PHL1620_HL_0300.png,Labour and Work (Marx),Expert Knowledge (Goldman),Experience (Dewey)
PHL1620_HL_0301.png,"Perception (Locke, Hume)","Primary & Secondary Qualities (Locke, Galileo)",Experience (Dewey)
PHL1620_HL_0302.png,Agency,Experience (Dewey),Attention
PHL1620_HL_0303.png,Artefacts (Simon),Philosophy of War,Memory
PHL1620_HL_0304.png,Agency,Experience (Dewey),Social Institutions
PHL1620_HL_0305.png,Social Institutions,Agency,Experience (Dewey)
PHL1620_HL_0306.png,Agency,Experience (Dewey),Social Institutions
PHL1620_HL_0307.png,Agency,Experience (Dewey),Social Institutions
PHL1620_HL_0308.png,Agency,Experience (Dewey),Social Institutions
PHL1620_HL_0309.png,Shared Agency,Agency,Experience (Dewey)
PHL1620_HL_0310.png,Labour and Work (Marx),Memory,Metaphysics of Change
PHL1620_HL_0311.png,Lifeworld (Husserl),Social Ontology,Memory
PHL1620_HL_0312.png,Labour and Work (Marx),Artefacts (Simon),Social Institutions
PHL1620_HL_0313.png,Animal Cognition (Donald Griffin),"Perception (Locke, Hume)",Lifeworld (Husserl)
PHL1620_HL_0314.png,Sense of Place (Norberg-Schulz),Lifeworld (Husserl),Social Institutions
PHL1620_HL_0315.png,Legal Obligation and Authority (Hobbes),Social Institutions,Lifeworld (Husserl)
PHL1620_HL_0316.png,Labour and Work (Marx),Lifeworld (Husserl),Artefacts (Simon)
PHL1620_HL_0317.png,Lifeworld (Husserl),Social Ontology,Sense of Place (Norberg-Schulz)
PHL1620_HL_0318.png,Artefacts (Simon),Labour and Work (Marx),Lifeworld (Husserl)
PHL1620_HL_0319.png,Social Institutions,Artefacts (Simon),Lifeworld (Husserl)
PHL1620_HL_0320.png,Sense of Place (Norberg-Schulz),Time (Aristotle),Dependent Beauty (Kant)
PHL1620_HL_0321.png,Reference (Frege),Social Institutions,Sense of Place (Norberg-Schulz)
PHL1620_HL_0322.png,Reference (Frege),Social Institutions,Lifeworld (Husserl)
PHL1620_HL_0323.png,Social Institutions,Lifeworld (Husserl),Sense of Place (Norberg-Schulz)
PHL1620_HL_0324.png,"Perception (Locke, Hume)",Sense of Place (Norberg-Schulz),Lifeworld (Husserl)
PHL1620_HL_0325.png,Lifeworld (Husserl),Social Ontology,Social Institutions
PHL1620_HL_0326.png,Reference (Frege),Social Institutions,Legal Obligation and Authority (Hobbes)
PHL1620_HL_0327.png,Reference (Frege),Social Institutions,Lifeworld (Husserl)
PHL1620_HL_0328.png,Lifeworld (Husserl),"Perception (Locke, Hume)",Social Institutions
PHL1620_HL_0329.png,Risk,Social Institutions,Lifeworld (Husserl)
PHL1620_HL_0330.png,Lifeworld (Husserl),Boundaries (Aristotle),Yijing / Artistic Conception (Wang Guowei)
PHL1620_HL_0331.png,Reference (Frege),Social Institutions,Legal Obligation and Authority (Hobbes)
PHL1620_HL_0332.png,Social Institutions,Lifeworld (Husserl),Sense of Place (Norberg-Schulz)
PHL1620_HL_0333.png,Reference (Frege),Risk,Labour and Work (Marx)
PHL1620_HL_0334.png,Labour and Work (Marx),Shared Agency,Social Institutions
PHL1620_HL_0335.png,Artefacts (Simon),Ecological Aesthetics (Berleant),Sense of Place (Norberg-Schulz)
PHL1620_HL_0336.png,Social Institutions,Reference (Frege),Lifeworld (Husserl)
PHL1620_HL_0337.png,Reference (Frege),Boundaries (Aristotle),Social Institutions
PHL1620_HL_0338.png,Lifeworld (Husserl),Social Institutions,Everyday Aesthetics (Saito)
PHL1620_HL_0339.png,Lifeworld (Husserl),Social Ontology,Social Institutions
PHL1620_HL_0340.png,Lifeworld (Husserl),Social Ontology,Sense of Place (Norberg-Schulz)
PHL1620_HL_0341.png,Civic Education (Aristotle),Experience (Dewey),Reference (Frege)
PHL1620_HL_0342.png,Lifeworld (Husserl),Ecological Aesthetics (Berleant),Sense of Place (Norberg-Schulz)
PHL1620_HL_0343.png,Care / Concern (Heidegger),Reference (Frege),Social Institutions
PHL1620_HL_0344.png,Metaphysics of Change,Temporality (Heidegger),Lifeworld (Husserl)
PHL1620_HL_0345.png,Social Institutions,Social Ontology,Lifeworld (Husserl)
PHL1620_HL_0346.png,Reference (Frege),Social Institutions,Sense of Place (Norberg-Schulz)
PHL1620_HL_0347.png,Social Institutions,Lifeworld (Husserl),Artefacts (Simon)
PHL1620_HL_0348.png,Dependent Beauty (Kant),Sense of Place (Norberg-Schulz),Lifeworld (Husserl)
PHL1620_HL_0349.png,Labour and Work (Marx),Artefacts (Simon),"Effects & Consequences (James, Dewey)"
PHL1620_HL_0350.png,Lifeworld (Husserl),Market (Adam Smith),Artefacts (Simon)
PHL1620_HL_0351.png,"Perception (Locke, Hume)","Primary & Secondary Qualities (Locke, Galileo)",Lifeworld (Husserl)
PHL1620_HL_0352.png,Lifeworld (Husserl),Risk,Artefacts (Simon)
PHL1620_HL_0353.png,Lifeworld (Husserl),Reference (Frege),Social Institutions
PHL1620_HL_0354.png,Social Institutions,Lifeworld (Husserl),Market (Adam Smith)
PHL1620_HL_0355.png,Moral Status of Animals (Peter Singer),Biodiversity,Lifeworld (Husserl)
PHL1620_HL_0356.png,Labour and Work (Marx),Social Institutions,Artefacts (Simon)
PHL1620_HL_0357.png,Reference (Frege),Social Institutions,Lifeworld (Husserl)
PHL1620_HL_0358.png,"Perception (Locke, Hume)",Lifeworld (Husserl),Sense of Place (Norberg-Schulz)
PHL1620_HL_0359.png,Reference (Frege),Social Institutions,Legal Obligation and Authority (Hobbes)
PHL1620_HL_0360.png,Legal Obligation and Authority (Hobbes),Social Institutions,Lifeworld (Husserl)
PHL1620_HL_0361.png,Reference (Frege),Social Institutions,Legal Obligation and Authority (Hobbes)
PHL1620_HL_0362.png,Lifeworld (Husserl),Market (Adam Smith),Reference (Frege)
PHL1620_HL_0363.png,Experience (Dewey),Shared Agency,Social Institutions
PHL1620_HL_0364.png,"Mimesis (Plato, Aristotle)",Legal Punishment (Kant),Boundaries (Aristotle)
PHL1620_HL_0365.png,Social Institutions,Love,Mechanical Reproduction (Benjamin)
PHL1620_HL_0366.png,Moral Status of Animals (Peter Singer),Social Institutions,Agency
PHL1620_HL_0367.png,Social Ontology,Pleasure (Plato),Lifeworld (Husserl)
PHL1620_HL_0368.png,Experience (Dewey),Artefacts (Simon),Attention
PHL1620_HL_0369.png,Artefacts (Simon),Social Institutions,Lifeworld (Husserl)
PHL1620_HL_0370.png,Globalisation,Artefacts (Simon),Social Institutions
PHL1620_HL_0371.png,Parenthood and Procreation,Love,Pleasure (Plato)
PHL1620_HL_0372.png,Social Ontology,Lifeworld (Husserl),Sense of Place (Norberg-Schulz)
PHL1620_HL_0373.png,Moral Status of Animals (Peter Singer),Biodiversity,Boundaries (Aristotle)
PHL1620_HL_0374.png,Shared Agency,Social Institutions,Memory
PHL1620_HL_0375.png,Friendship / Philia (Aristotle),Pleasure (Plato),Social Ontology
PHL1620_HL_0376.png,Artefacts (Simon),Social Ontology,Dependent Beauty (Kant)
PHL1620_HL_0377.png,Media as Extensions of Human Senses (McLuhan),Social Ontology,Lifeworld (Husserl)
PHL1620_HL_0378.png,"Mimesis (Plato, Aristotle)",Imagination,Participatory Aesthetics (Berleant)
PHL1620_HL_0379.png,Sense of Place (Norberg-Schulz),Lifeworld (Husserl),Social Institutions
PHL1620_HL_0380.png,Moral Status of Animals (Peter Singer),Social Institutions,Memory
PHL1620_HL_0381.png,Market (Adam Smith),Spectacle (Debord),Social Ontology
PHL1620_HL_0382.png,Love,Social Institutions,Collective Intentionality
PHL1620_HL_0383.png,Media as Extensions of Human Senses (McLuhan),Experience (Dewey),Lifeworld (Husserl)
PHL1620_HL_0384.png,Social Ontology,Lifeworld (Husserl),Pleasure (Plato)
PHL1620_HL_0385.png,Sense of Place (Norberg-Schulz),Lifeworld (Husserl),Social Ontology
PHL1620_HL_0386.png,Legal Obligation and Authority (Hobbes),Social Institutions,Collective Intentionality
PHL1620_HL_0387.png,Lifeworld (Husserl),Social Ontology,Artefacts (Simon)
PHL1620_HL_0388.png,Moral Status of Animals (Peter Singer),Experience (Dewey),Care / Concern (Heidegger)
PHL1620_HL_0389.png,Care / Concern (Heidegger),Experience (Dewey),Shared Agency
PHL1620_HL_0390.png,Market (Adam Smith),Labour and Work (Marx),Lifeworld (Husserl)
PHL1620_HL_0391.png,Love,Social Institutions,Time (Aristotle)
PHL1620_HL_0392.png,Social Institutions,Social Ontology,Lifeworld (Husserl)
PHL1620_HL_0393.png,Care / Concern (Heidegger),Experience (Dewey),Lifeworld (Husserl)
PHL1620_HL_0394.png,Lifeworld (Husserl),Social Institutions,Sense of Place (Norberg-Schulz)
PHL1620_HL_0395.png,Collective Intentionality,Social Institutions,Lifeworld (Husserl)
PHL1620_HL_0396.png,Sense of Place (Norberg-Schulz),Time (Aristotle),Social Institutions
PHL1620_HL_0397.png,"Mimesis (Plato, Aristotle)",Participatory Aesthetics (Berleant),Experience (Dewey)
PHL1620_HL_0398.png,Agency,Experience (Dewey),Risk
PHL1620_HL_0399.png,Social Institutions,Lifeworld (Husserl),Reference (Frege)
PHL1620_HL_0400.png,Media as Extensions of Human Senses (McLuhan),Experience (Dewey),Care / Concern (Heidegger)
PHL1620_HL_0401.png,Experience (Dewey),Ecological Aesthetics (Berleant),Lifeworld (Husserl)
PHL1620_HL_0402.png,Agency,Experience (Dewey),Ecological Aesthetics (Berleant)
PHL1620_HL_0403.png,Care / Concern (Heidegger),Experience (Dewey),Shared Agency
PHL1620_HL_0404.png,Social Institutions,Lifeworld (Husserl),Sense of Place (Norberg-Schulz)
PHL1620_HL_0405.png,Collective Intentionality,Social Institutions,Time (Aristotle)
PHL1620_HL_0406.png,Sense of Place (Norberg-Schulz),Social Institutions,Memory
PHL1620_HL_0407.png,Sense of Place (Norberg-Schulz),Time (Aristotle),Dependent Beauty (Kant)
PHL1620_HL_0408.png,Social Institutions,Lifeworld (Husserl),Reference (Frege)
PHL1620_HL_0409.png,"Perception (Locke, Hume)",Everyday Aesthetics (Saito),Market (Adam Smith)
PHL1620_HL_0410.png,Sense of Place (Norberg-Schulz),Time (Aristotle),Memory
PHL1620_HL_0411.png,Market (Adam Smith),Spectacle (Debord),Reference (Frege)
PHL1620_HL_0412.png,Sense of Place (Norberg-Schulz),Social Institutions,Dependent Beauty (Kant)
PHL1620_HL_0413.png,Social Institutions,Reference (Frege),Social Ontology
PHL1620_HL_0414.png,Social Institutions,Lifeworld (Husserl),Reference (Frege)
PHL1620_HL_0415.png,Love,Social Institutions,Care / Concern (Heidegger)
PHL1620_HL_0416.png,Memory,Imagined Communities (Anderson),Sense of Place (Norberg-Schulz)
PHL1620_HL_0417.png,Time (Aristotle),Artefacts (Simon),Dependent Beauty (Kant)
PHL1620_HL_0418.png,Sense of Place (Norberg-Schulz),Time (Aristotle),Social Institutions
PHL1620_HL_0419.png,Lifeworld (Husserl),Agency,Social Institutions
PHL1620_HL_0420.png,Social Institutions,Lifeworld (Husserl),Artefacts (Simon)
PHL1620_HL_0421.png,Social Institutions,Reference (Frege),Lifeworld (Husserl)
PHL1620_HL_0422.png,Social Institutions,Sense of Place (Norberg-Schulz),Dependent Beauty (Kant)
PHL1620_HL_0423.png,Agency,Experience (Dewey),Shared Agency
PHL1620_HL_0424.png,Agency,Experience (Dewey),Social Institutions
PHL1620_HL_0425.png,Reference (Frege),Social Institutions,Sense of Place (Norberg-Schulz)
PHL1620_HL_0426.png,Participatory Aesthetics (Berleant),Pleasure (Plato),Sense of Place (Norberg-Schulz)
PHL1620_HL_0427.png,Agency,Experience (Dewey),Ecological Aesthetics (Berleant)
PHL1620_HL_0428.png,Social Ontology,Pleasure (Plato),Media as Extensions of Human Senses (McLuhan)
PHL1620_HL_0429.png,Social Institutions,Lifeworld (Husserl),Reference (Frege)
PHL1620_HL_0430.png,Social Institutions,Sense of Place (Norberg-Schulz),Artefacts (Simon)
PHL1620_HL_0431.png,Social Ontology,Lifeworld (Husserl),Social Institutions
PHL1620_HL_0432.png,Agency,Social Institutions,Experience (Dewey)
PHL1620_HL_0433.png,Democracy (Athenian model),Freedom of Speech (Mill),Reference (Frege)
PHL1620_HL_0434.png,Social Institutions,Lifeworld (Husserl),"Rhythm (Pythagoreans, Plato)"
PHL1620_HL_0435.png,Agency,Experience (Dewey),Ecological Aesthetics (Berleant)
PHL1620_HL_0436.png,Agency,Experience (Dewey),Ecological Aesthetics (Berleant)
PHL1620_HL_0437.png,Lifeworld (Husserl),Everyday Aesthetics (Saito),Yijing / Artistic Conception (Wang Guowei)
PHL1620_HL_0438.png,Agency,Experience (Dewey),Shared Agency
PHL1620_HL_0439.png,Music (Schopenhauer),"Aesthetic Experience (Dewey, Beardsley)",Dependent Beauty (Kant)
PHL1620_HL_0440.png,Lifeworld (Husserl),Sense of Place (Norberg-Schulz),Everyday Aesthetics (Saito)
PHL1620_HL_0441.png,Collective Intentionality,Social Institutions,Shared Agency
PHL1620_HL_0442.png,Lifeworld (Husserl),Social Ontology,Everyday Aesthetics (Saito)
PHL1620_HL_0443.png,Participatory Aesthetics (Berleant),Imagination,"Mimesis (Plato, Aristotle)"
PHL1620_HL_0444.png,Agency,Experience (Dewey),Social Institutions
PHL1620_HL_0445.png,Social Institutions,Lifeworld (Husserl),Artefacts (Simon)
PHL1620_HL_0446.png,Sense of Place (Norberg-Schulz),Social Institutions,Artefacts (Simon)
PHL1620_HL_0447.png,Social Ontology,Lifeworld (Husserl),Artefacts (Simon)
PHL1620_HL_0448.png,Moral Status of Animals (Peter Singer),Social Institutions,Collective Intentionality
PHL1620_HL_0449.png,Experience (Dewey),Shared Agency,Risk
PHL1620_HL_0450.png,Everyday Aesthetics (Saito),Pleasure (Plato),Market (Adam Smith)
PHL1620_HL_0451.png,Biodiversity,Moral Status of Animals (Peter Singer),Ecological Aesthetics (Berleant)
PHL1620_HL_0452.png,Labour and Work (Marx),Reference (Frege),Social Institutions
PHL1620_HL_0453.png,Social Institutions,Property and Ownership (Locke),Time (Aristotle)
PHL1620_HL_0454.png,Labour and Work (Marx),Expert Knowledge (Goldman),Experience (Dewey)
PHL1620_HL_0455.png,Labour and Work (Marx),Readiness-to-Hand (Heidegger),Artefacts (Simon)
PHL1620_HL_0456.png,Labour and Work (Marx),Artefacts (Simon),Shared Agency
PHL1620_HL_0457.png,Animal Cognition (Donald Griffin),Media as Extensions of Human Senses (McLuhan),Lifeworld (Husserl)
PHL1620_HL_0458.png,Labour and Work (Marx),Artefacts (Simon),Memory
PHL1620_HL_0459.png,Experience (Dewey),"Mimesis (Plato, Aristotle)",Imagination
PHL1620_HL_0460.png,Labour and Work (Marx),Artefacts (Simon),Risk
PHL1620_HL_0461.png,Labour and Work (Marx),Shared Agency,Social Institutions
PHL1620_HL_0462.png,Labour and Work (Marx),Reference (Frege),Social Institutions
PHL1620_HL_0463.png,Moral Status of Animals (Peter Singer),Artefacts (Simon),Experience (Dewey)
PHL1620_HL_0464.png,Labour and Work (Marx),Artefacts (Simon),Memory
PHL1620_HL_0465.png,Parenthood and Procreation,Lifeworld (Husserl),Media as Extensions of Human Senses (McLuhan)
PHL1620_HL_0466.png,Market (Adam Smith),Labour and Work (Marx),Lifeworld (Husserl)
PHL1620_HL_0467.png,Time (Aristotle),Artefacts (Simon),Mereology (Leibniz)
PHL1620_HL_0468.png,Lifeworld (Husserl),Market (Adam Smith),Sense of Place (Norberg-Schulz)
PHL1620_HL_0469.png,Moral Status of Animals (Peter Singer),Labour and Work (Marx),Experience (Dewey)
PHL1620_HL_0470.png,Music (Schopenhauer),"Aesthetic Experience (Dewey, Beardsley)",Labour and Work (Marx)
PHL1620_HL_0471.png,Market (Adam Smith),Dependent Beauty (Kant),Labour and Work (Marx)
PHL1620_HL_0472.png,Media as Extensions of Human Senses (McLuhan),Labour and Work (Marx),Ordinary Objects (Austin)
PHL1620_HL_0473.png,"Mimesis (Plato, Aristotle)",Aesthetic Object (Dufrenne),Attention
PHL1620_HL_0474.png,Labour and Work (Marx),Expert Knowledge (Goldman),Experience (Dewey)
PHL1620_HL_0475.png,Labour and Work (Marx),Artefacts (Simon),Agency
PHL1620_HL_0476.png,Artefacts (Simon),Memory,Sense of Place (Norberg-Schulz)
PHL1620_HL_0477.png,Labour and Work (Marx),Media as Extensions of Human Senses (McLuhan),Lifeworld (Husserl)
PHL1620_HL_0478.png,Social Institutions,Property and Ownership (Locke),Time (Aristotle)
PHL1620_HL_0479.png,Media as Extensions of Human Senses (McLuhan),"Testimony (Austin, Pollock)",Mechanical Reproduction (Benjamin)
PHL1620_HL_0480.png,Labour and Work (Marx),Artefacts (Simon),Shared Agency
PHL1620_HL_0481.png,Labour and Work (Marx),Artefacts (Simon),Shared Agency
PHL1620_HL_0482.png,Experience (Dewey),Media as Extensions of Human Senses (McLuhan),Shared Agency
PHL1620_HL_0483.png,Lifeworld (Husserl),Media as Extensions of Human Senses (McLuhan),Ordinary Objects (Austin)
PHL1620_HL_0484.png,Labour and Work (Marx),Agency,Lifeworld (Husserl)
PHL1620_HL_0485.png,Animal Cognition (Donald Griffin),Moral Status of Animals (Peter Singer),Experience (Dewey)
PHL1620_HL_0486.png,Media as Extensions of Human Senses (McLuhan),Attention,Ecological Aesthetics (Berleant)
PHL1620_HL_0487.png,Media as Extensions of Human Senses (McLuhan),Mechanical Reproduction (Benjamin),Artefacts (Simon)
PHL1620_HL_0488.png,Media as Extensions of Human Senses (McLuhan),Attention,Labour and Work (Marx)
PHL1620_HL_0489.png,Sense of Place (Norberg-Schulz),Lifeworld (Husserl),Memory
PHL1620_HL_0490.png,Sense of Place (Norberg-Schulz),Time (Aristotle),Lifeworld (Husserl)
PHL1620_HL_0491.png,Labour and Work (Marx),Media as Extensions of Human Senses (McLuhan),Attention
PHL1620_HL_0492.png,Labour and Work (Marx),Reference (Frege),Social Institutions
PHL1620_HL_0493.png,"Perception (Locke, Hume)",Lifeworld (Husserl),Social Institutions
PHL1620_HL_0494.png,Media as Extensions of Human Senses (McLuhan),Labour and Work (Marx),Attention
PHL1620_HL_0495.png,Media as Extensions of Human Senses (McLuhan),Social Epistemology (Goldman),Experience (Dewey)
PHL1620_HL_0496.png,Market (Adam Smith),Labour and Work (Marx),Lifeworld (Husserl)
PHL1620_HL_0497.png,Care / Concern (Heidegger),Health and Disease,Media as Extensions of Human Senses (McLuhan)
PHL1620_HL_0498.png,Ecological Aesthetics (Berleant),Experience (Dewey),Pleasure (Plato)
PHL1620_HL_0499.png,Media as Extensions of Human Senses (McLuhan),Attention,Lifeworld (Husserl)
PHL1620_HL_0500.png,Social Institutions,Lifeworld (Husserl),Artefacts (Simon)
PHL1620_IRFL_0001.jpg,Weighing Reasons (Ross),Personal Autonomy,Practical Reason (Aristotle)
PHL1620_IRFL_0002.jpg,Human Rights,Freedom of Speech (Mill),Coercion (Hobbes)
PHL1620_IRFL_0003.jpg,Children's Rights,Care / Concern (Heidegger),Social Minimum (Rawls)
PHL1620_IRFL_0004.jpg,Blame (Strawson),Emotion,Social Ontology
PHL1620_IRFL_0005.jpg,Social Minimum (Rawls),Well-Being,Care / Concern (Heidegger)
PHL1620_IRFL_0006.jpg,Ethics of Manipulation,Fiction (Walton),"Mimesis (Plato, Aristotle)"
PHL1620_IRFL_0007.jpg,Legal Punishment (Kant),Coercion (Hobbes),Negative Liberty (Berlin)
PHL1620_IRFL_0008.jpg,Will to Live (Schopenhauer),Hope,Metaphysics of Change
PHL1620_IRFL_0009.jpg,Legal Punishment (Kant),Coercion (Hobbes),Legal Obligation and Authority (Hobbes)
PHL1620_IRFL_0010.jpg,Domination (Marx),Equality (Aristotle),Authority (Weber)
PHL1620_IRFL_0011.jpg,Time (Aristotle),Metaphysics of Change,Temporality (Heidegger)
PHL1620_IRFL_0012.jpg,Privacy (Warren & Brandeis),Reference (Frege),Agency
PHL1620_IRFL_0013.jpg,Risk,Agency,Resolve (Heidegger)
PHL1620_IRFL_0014.jpg,Altruism,Compassion / Karuṇā (Buddhism),Shared Agency
PHL1620_IRFL_0015.jpg,Coercion (Hobbes),Negative Liberty (Berlin),Agency
PHL1620_IRFL_0016.jpg,Lifeworld (Husserl),"Perception (Locke, Hume)",Yijing / Artistic Conception (Wang Guowei)
PHL1620_IRFL_0017.jpg,Social Ontology,Memory,Lifeworld (Husserl)
PHL1620_IRFL_0018.jpg,Health and Disease,Philosophy of Biomedicine,Care / Concern (Heidegger)
PHL1620_IRFL_0019.jpg,Emotion,Blame (Strawson),Social Ontology
PHL1620_IRFL_0020.jpg,"Knowledge (Plato, Aristotle)",Memory,Artefacts (Simon)
PHL1620_IRFL_0021.jpg,Rule of Law (Aristotle),"Testimony (Austin, Pollock)",Social Institutions
PHL1620_IRFL_0022.jpg,Imagination,Fictional Entities,"Mimesis (Plato, Aristotle)"
PHL1620_IRFL_0023.jpg,Resolve (Heidegger),Agency,Experience (Dewey)
PHL1620_IRFL_0024.jpg,Doubt (Peirce),Emotion,Reference (Frege)
PHL1620_IRFL_0025.jpg,"Anxiety (Kierkegaard, Heidegger)",Emotion,Labour and Work (Marx)
PHL1620_IRFL_0026.jpg,Aesthetic Object (Dufrenne),"Mimesis (Plato, Aristotle)","Aesthetic Perception (Merleau-Ponty, Dufrenne)"
PHL1620_IRFL_0027.jpg,Recognition (Hegel),Desert (Aristotle),Pleasure (Plato)
PHL1620_IRFL_0028.jpg,"Knowledge (Plato, Aristotle)",Attention,Media as Extensions of Human Senses (McLuhan)
PHL1620_IRFL_0029.jpg,Agency,Personal Autonomy,Imagination
PHL1620_IRFL_0030.jpg,Recognition (Hegel),"Knowledge (Plato, Aristotle)",Pleasure (Plato)
PHL1620_IRFL_0031.jpg,Weighing Reasons (Ross),Personal Autonomy,Practical Reason (Aristotle)
PHL1620_IRFL_0032.jpg,Reference (Frege),Sense (Frege),Concepts (Frege)
PHL1620_IRFL_0033.jpg,Friendship / Philia (Aristotle),Pleasure (Plato),Social Ontology
PHL1620_IRFL_0034.jpg,Altruism,Respect (Kant),Agency
PHL1620_IRFL_0035.jpg,Labour and Work (Marx),Equality (Aristotle),Distributive Justice (Rawls)
PHL1620_IRFL_0036.jpg,Recognition (Hegel),Pleasure (Plato),Social Epistemology (Goldman)
PHL1620_IRFL_0037.jpg,Pleasure (Plato),Well-Being,Emotion
PHL1620_IRFL_0038.jpg,"Idea (Locke, Hume)",Social Epistemology (Goldman),Shared Agency
PHL1620_IRFL_0039.jpg,Weighing Reasons (Ross),Personal Autonomy,Reference (Frege)
PHL1620_IRFL_0040.jpg,Legal Responsibility,Legal Punishment (Kant),Property and Ownership (Locke)
PHL1620_IRFL_0041.jpg,Personal Autonomy,Weighing Reasons (Ross),Practical Reason (Aristotle)
PHL1620_IRFL_0042.jpg,Weighing Reasons (Ross),Bounded Rationality,Reference (Frege)
PHL1620_IRFL_0043.jpg,Doubt (Peirce),Bounded Rationality,Weighing Reasons (Ross)
PHL1620_IRFL_0044.jpg,Well-Being,Care / Concern (Heidegger),Pleasure (Plato)
PHL1620_IRFL_0045.jpg,Parenthood and Procreation,Care / Concern (Heidegger),Well-Being
PHL1620_IRFL_0046.jpg,Temporality (Heidegger),Metaphysics of Change,Death (Plato)
PHL1620_IRFL_0047.jpg,Temporality (Heidegger),Metaphysics of Change,Death (Plato)
PHL1620_IRFL_0048.jpg,Temporality (Heidegger),Metaphysics of Change,Personal Identity (Locke)
PHL1620_IRFL_0049.jpg,Health and Disease,Emotion,Philosophy of Humor
PHL1620_IRFL_0050.jpg,Health and Disease,Emotion,"Mimesis (Plato, Aristotle)"
PHL1620_IRFL_0051.jpg,Health and Disease,Philosophy of Biomedicine,Knowledge by Description (Russell)
PHL1620_IRFL_0052.jpg,Fictional Entities,"Mimesis (Plato, Aristotle)",Aesthetic Object (Dufrenne)
PHL1620_IRFL_0053.jpg,Memory,"Mimesis (Plato, Aristotle)",Social Ontology
PHL1620_IRFL_0054.jpg,Media as Extensions of Human Senses (McLuhan),Experience (Dewey),Memory
PHL1620_IRFL_0055.jpg,Memory,Mechanical Reproduction (Benjamin),Personal Identity (Locke)
PHL1620_IRFL_0056.jpg,Property and Ownership (Locke),Market (Adam Smith),Weighing Reasons (Ross)
PHL1620_IRFL_0057.jpg,Emotion,Agency,Social Ontology
PHL1620_IRFL_0058.jpg,Risk,Animal Cognition (Donald Griffin),Will to Live (Schopenhauer)
PHL1620_IRFL_0059.jpg,Argument and Argumentation,Emotion,Social Ontology
PHL1620_IRFL_0060.jpg,Argument and Argumentation,Social Epistemology (Goldman),Shared Agency
PHL1620_IRFL_0061.jpg,Coercion (Hobbes),Negative Liberty (Berlin),Emotion
PHL1620_IRFL_0062.jpg,Shared Agency,Social Epistemology (Goldman),Attention
PHL1620_IRFL_0063.jpg,Argument and Argumentation,Emotion,Social Ontology
PHL1620_IRFL_0064.jpg,Argument and Argumentation,Emotion,Social Ontology
PHL1620_IRFL_0065.jpg,Shared Agency,Social Epistemology (Goldman),Inquiry (Dewey)
PHL1620_IRFL_0066.jpg,Social Epistemology (Goldman),Shared Agency,Argument and Argumentation
PHL1620_IRFL_0067.jpg,Emotion,Argument and Argumentation,Social Ontology
PHL1620_IRFL_0068.jpg,Empathy,Compassion / Karuṇā (Buddhism),Care / Concern (Heidegger)
PHL1620_IRFL_0069.jpg,Ethics of Manipulation,Trust,Social Institutions
PHL1620_IRFL_0070.jpg,Legal Punishment (Kant),Coercion (Hobbes),Negative Liberty (Berlin)
PHL1620_IRFL_0071.jpg,Parenthood and Procreation,Love,Social Ontology
PHL1620_IRFL_0072.jpg,Memory,Labour and Work (Marx),Artefacts (Simon)
PHL1620_IRFL_0073.jpg,Social Epistemology (Goldman),Social Ontology,Lifeworld (Husserl)
PHL1620_IRFL_0074.jpg,Coercion (Hobbes),Negative Liberty (Berlin),Legal Punishment (Kant)
PHL1620_IRFL_0075.jpg,Social Ontology,Pleasure (Plato),Lifeworld (Husserl)
PHL1620_IRFL_0076.jpg,Artefacts (Simon),Colour (Locke),Boundaries (Aristotle)
PHL1620_IRFL_0077.jpg,Market (Adam Smith),Media as Extensions of Human Senses (McLuhan),Property and Ownership (Locke)
PHL1620_IRFL_0078.jpg,Emotion,Media as Extensions of Human Senses (McLuhan),Labour and Work (Marx)
PHL1620_IRFL_0079.jpg,Pleasure (Plato),Philosophy of Humor,Social Ontology
PHL1620_IRFL_0080.jpg,Emotion,Risk,Lifeworld (Husserl)
PHL1620_IRFL_0081.jpg,Memory,Labour and Work (Marx),Artefacts (Simon)
PHL1620_IRFL_0082.jpg,Emotion,"Mimesis (Plato, Aristotle)",Fictional Entities
PHL1620_IRFL_0083.jpg,Love,Trust,Social Ontology
PHL1620_IRFL_0084.jpg,Love,Reference (Frege),Social Ontology
PHL1620_IRFL_0085.jpg,Parenthood and Procreation,Love,Pleasure (Plato)
PHL1620_IRFL_0086.jpg,"Knowledge (Plato, Aristotle)",Social Institutions,Recognition (Hegel)
PHL1620_IRFL_0087.jpg,Personal Autonomy,Weighing Reasons (Ross),Practical Reason (Aristotle)
PHL1620_IRFL_0088.jpg,Evidence,Risk,"Reason (Plato, Aristotle)"
PHL1620_IRFL_0089.jpg,Social Institutions,Legal Obligation and Authority (Hobbes),"Mimesis (Plato, Aristotle)"
PHL1620_IRFL_0090.jpg,Moral Status of Animals (Peter Singer),Boundaries (Aristotle),Fictional Entities
PHL1620_IRFL_0091.webp,Self-Defense,Agency,Experience (Dewey)
PHL1620_IRFL_0092.jpg,Emotion,Moral Status of Animals (Peter Singer),Fictional Entities
PHL1620_IRFL_0093.jpg,Emotion,Agency,"Mimesis (Plato, Aristotle)"
PHL1620_IRFL_0094.jpg,Risk,Moral Status of Animals (Peter Singer),Fiction (Walton)
PHL1620_IRFL_0095.jpg,Self-Defense,Risk,Agency
PHL1620_IRFL_0096.jpg,Emotion,Parenthood and Procreation,Social Ontology
PHL1620_IRFL_0097.jpg,Negative Liberty (Berlin),Hope,Reference (Frege)
PHL1620_IRFL_0098.jpg,Music (Schopenhauer),Experience (Dewey),Social Epistemology (Goldman)
PHL1620_IRFL_0099.webp,Self-Defense,Risk,Agency
PHL1620_IRFL_0100.jpg,Property and Ownership (Locke),Distributive Justice (Rawls),"Effects & Consequences (James, Dewey)"
PHL1620_IRFL_0101.jpg,Philosophy of War,Shared Agency,Risk
PHL1620_IRFL_0102.jpg,Risk,Animal Cognition (Donald Griffin),Moral Status of Animals (Peter Singer)
PHL1620_IRFL_0103.jpg,Trust,"Testimony (Austin, Pollock)",Reliabilism (Goldman)
PHL1620_IRFL_0104.jpg,Argument and Argumentation,Emotion,Labour and Work (Marx)
PHL1620_IRFL_0105.jpg,Social Epistemology (Goldman),Market (Adam Smith),Social Ontology
PHL1620_IRFL_0106.jpg,"Perception (Locke, Hume)","Primary & Secondary Qualities (Locke, Galileo)",Yijing / Artistic Conception (Wang Guowei)
PHL1620_IRFL_0107.jpg,"Mimesis (Plato, Aristotle)",Colour (Locke),Aesthetic Object (Dufrenne)
PHL1620_IRFL_0108.jpg,"Effects & Consequences (James, Dewey)",Property and Ownership (Locke),Market (Adam Smith)
PHL1620_IRFL_0109.jpg,"Mimesis (Plato, Aristotle)",Aesthetic Object (Dufrenne),Aesthetic Property (Sibley)
PHL1620_IRFL_0110.jpg,Rule of Law (Aristotle),Legal Obligation and Authority (Hobbes),Social Institutions
PHL1620_IRFL_0111.jpg,Personal Autonomy,Experience (Dewey),Lifeworld (Husserl)
PHL1620_IRFL_0112.jpg,Temporality (Heidegger),Resolve (Heidegger),Time (Aristotle)
PHL1620_IRFL_0113.jpg,Personal Autonomy,Experience (Dewey),Ecological Aesthetics (Berleant)
PHL1620_IRFL_0114.jpg,Time (Aristotle),"Culture Industry (Adorno, Horkheimer)",Agency
PHL1620_IRFL_0115.jpg,Biodiversity,Animal Cognition (Donald Griffin),Wilderness Aesthetics (Rolston)
PHL1620_IRFL_0116.jpg,Market (Adam Smith),Property and Ownership (Locke),Pleasure (Plato)
PHL1620_IRFL_0117.jpg,Shared Agency,Agency,Pleasure (Plato)
PHL1620_IRFL_0118.jpg,Coercion (Hobbes),Blame (Strawson),Emotion
PHL1620_IRFL_0119.jpg,"Effects & Consequences (James, Dewey)",Property and Ownership (Locke),Market (Adam Smith)
PHL1620_IRFL_0120.jpg,Temporality (Heidegger),Time (Aristotle),Metaphysics of Change
PHL1620_IRFL_0121.jpg,"Fallibilism (Peirce, Popper)",Animal Cognition (Donald Griffin),Philosophy of Humor
PHL1620_IRFL_0122.jpg,Social Institutions,Political Representation,Artefacts (Simon)
PHL1620_IRFL_0123.jpg,"Fallibilism (Peirce, Popper)",Animal Cognition (Donald Griffin),Philosophy of Humor
PHL1620_IRFL_0124.jpg,Biopolitics (Foucault),Negative Liberty (Berlin),Reference (Frege)
PHL1620_IRFL_0125.jpg,"Culture Industry (Adorno, Horkheimer)",Social Institutions,Pleasure (Plato)
PHL1620_IRFL_0126.jpg,"Effects & Consequences (James, Dewey)",Property and Ownership (Locke),Artefacts (Simon)
PHL1620_IRFL_0127.jpg,Ethics of Manipulation,Coercion (Hobbes),Agency
PHL1620_IRFL_0128.jpg,Ethics of Manipulation,Coercion (Hobbes),Fiction (Walton)
PHL1620_IRFL_0129.jpg,"Effects & Consequences (James, Dewey)",Risk,Metaphysics of Change
PHL1620_IRFL_0130.jpg,Causation (Hume),Shared Agency,Risk
PHL1620_IRFL_0131.jpg,"Effects & Consequences (James, Dewey)",Property and Ownership (Locke),Market (Adam Smith)
PHL1620_IRFL_0132.jpg,Ethics of Manipulation,Coercion (Hobbes),Domination (Marx)
PHL1620_IRFL_0133.jpg,Authority (Weber),Equality (Aristotle),Domination (Marx)
PHL1620_IRFL_0134.jpg,Weighing Reasons (Ross),Practical Reason (Aristotle),Attention
PHL1620_IRFL_0135.jpg,Agency,Attention,Lifeworld (Husserl)
PHL1620_IRFL_0136.jpg,Distributive Justice (Rawls),Equality (Aristotle),Property and Ownership (Locke)
PHL1620_IRFL_0137.jpg,Philosophical Infinity,Consciousness (Locke),Imagination
PHL1620_IRFL_0138.webp,Weighing Reasons (Ross),Practical Reason (Aristotle),Attention
PHL1620_IRFL_0139.jpg,Moral Responsibility (Aristotle),Labour and Work (Marx),Blame (Strawson)
PHL1620_IRFL_0140.jpg,"Self-Awareness (Husserl, Sartre)",Attention,Well-Being
PHL1620_IRFL_0141.jpg,Labour and Work (Marx),"Anxiety (Kierkegaard, Heidegger)",Bounded Rationality
PHL1620_IRFL_0142.jpg,Blame (Strawson),Moral Responsibility (Aristotle),Social Ontology
PHL1620_IRFL_0143.jpg,Health and Disease,Emotion,Philosophy of Biomedicine
PHL1620_IRFL_0144.jpg,Health and Disease,Emotion,Philosophy of Biomedicine
PHL1620_IRFL_0145.jpg,Love,Emotion,Social Ontology
PHL1620_IRFL_0146.jpg,Love,Emotion,Reference (Frege)
PHL1620_IRFL_0147.jpg,Mereology (Leibniz),Agency,Experience (Dewey)
PHL1620_IRFL_0148.jpg,Temporality (Heidegger),Time (Aristotle),"Rhythm (Pythagoreans, Plato)"
PHL1620_IRFL_0149.jpg,Time (Aristotle),Reference (Frege),"Rhythm (Pythagoreans, Plato)"
PHL1620_IRFL_0150.jpg,Media as Extensions of Human Senses (McLuhan),Artefacts (Simon),Reference (Frege)
PHL1620_IRFL_0151.jpg,Pleasure (Plato),Social Institutions,Philosophy of Humor
PHL1620_IRFL_0152.jpg,Love,Trust,Aesthetic Contemplation (Schopenhauer)
PHL1620_IRFL_0153.jpg,Argument and Argumentation,Social Ontology,Lifeworld (Husserl)
PHL1620_IRFL_0154.jpg,Love,Pleasure (Plato),Social Ontology
PHL1620_IRFL_0155.jpg,Labour and Work (Marx),Experience (Dewey),Time (Aristotle)
PHL1620_IRFL_0156.jpg,Hope,Temporality (Heidegger),Reference (Frege)
PHL1620_IRFL_0157.jpg,Doubt (Peirce),Bounded Rationality,Emotion
PHL1620_IRFL_0158.jpg,Deliberative Democracy (Habermas),Political Representation,Social Institutions
PHL1620_IRFL_0159.jpg,Fiction (Walton),"Culture Industry (Adorno, Horkheimer)",Social Ontology
PHL1620_IRFL_0160.jpg,Aesthetic Object (Dufrenne),"Mimesis (Plato, Aristotle)","Aesthetic Perception (Merleau-Ponty, Dufrenne)"
PHL1620_IRFL_0161.jpg,Aesthetic Contemplation (Schopenhauer),Ecological Aesthetics (Berleant),Yijing / Artistic Conception (Wang Guowei)
PHL1620_IRFL_0162.jpg,Love,Care / Concern (Heidegger),Emotion
PHL1620_IRFL_0163.jpg,"Reason (Plato, Aristotle)",Labour and Work (Marx),Attention
PHL1620_IRFL_0164.jpg,"Reason (Plato, Aristotle)",Attention,"Mimesis (Plato, Aristotle)"
PHL1620_IRFL_0165.jpg,Solitary Individual (Kierkegaard),Meaning of Life,Yijing / Artistic Conception (Wang Guowei)
PHL1620_IRFL_0166.jpg,Collective Intentionality,Freedom of Speech (Mill),Solidarity (Durkheim)
PHL1620_IRFL_0167.jpg,Temporality (Heidegger),Disciplinary Mechanisms (Foucault),Time (Aristotle)
PHL1620_IRFL_0168.jpg,"Knowledge (Plato, Aristotle)",Attention,Experience (Dewey)
PHL1620_IRFL_0169.jpg,Eros (Plato),Social Ontology,Fiction (Walton)
PHL1620_IRFL_0170.jpg,Resolve (Heidegger),Agency,Emotion
PHL1620_IRFL_0171.jpg,"Reason (Plato, Aristotle)",Attention,Lifeworld (Husserl)
PHL1620_IRFL_0172.jpg,"Effects & Consequences (James, Dewey)",Risk,Metaphysics of Change
PHL1620_IRFL_0173.jpg,Memory,Imagination,Yijing / Artistic Conception (Wang Guowei)
PHL1620_IRFL_0174.jpg,"Anxiety (Kierkegaard, Heidegger)",Labour and Work (Marx),Emotion
PHL1620_IRFL_0175.jpg,Blame (Strawson),Emotion,Authority (Weber)
PHL1620_IRFL_0176.jpg,Emotion,Imagination,Domination (Marx)
PHL1620_IRFL_0177.jpg,Imagination,"Idea (Locke, Hume)",Consciousness (Locke)
PHL1620_IRFL_0178.jpg,Agency,Risk,Social Institutions
PHL1620_IRFL_0179.jpg,Emotion,Risk,Imagination
PHL1620_IRFL_0180.jpg,Risk,Agency,Memory
PHL1620_IRFL_0181.jpg,Agency,Risk,Social Institutions
PHL1620_IRFL_0182.jpg,Philosophy of Humor,"Mimesis (Plato, Aristotle)",Emotion
PHL1620_IRFL_0183.jpg,Metaphysics of Change,Ecological Aesthetics (Berleant),Material Constitution (Locke)
PHL1620_IRFL_0184.jpg,Bounded Rationality,Consciousness (Locke),"Anxiety (Kierkegaard, Heidegger)"
PHL1620_IRFL_0185.jpg,Ontological Dependence (Aristotle),Ecological Aesthetics (Berleant),Mereology (Leibniz)
PHL1620_IRFL_0186.jpg,Time (Aristotle),Reference (Frege),Artefacts (Simon)
PHL1620_IRFL_0187.jpg,Yijing / Artistic Conception (Wang Guowei),Aesthetic Object (Dufrenne),Boundaries (Aristotle)
PHL1620_IRFL_0188.jpg,Coercion (Hobbes),Legal Obligation and Authority (Hobbes),Authority (Weber)
PHL1620_IRFL_0189.jpg,Globalisation,Market (Adam Smith),Reference (Frege)
PHL1620_IRFL_0190.jpg,Emotion,Argument and Argumentation,Imagination
PHL1620_IRFL_0191.jpg,Rule of Law (Aristotle),Fiction (Walton),"Culture Industry (Adorno, Horkheimer)"
PHL1620_IRFL_0192.jpg,Emotion,"Mimesis (Plato, Aristotle)",Philosophy of Humor
PHL1620_IRFL_0193.jpg,Time (Aristotle),Reference (Frege),"Rhythm (Pythagoreans, Plato)"
PHL1620_IRFL_0194.jpg,Consciousness (Locke),Functionalism (Putnam),Imagination
PHL1620_IRFL_0195.jpg,Doubt (Peirce),Philosophy of Humor,"Mimesis (Plato, Aristotle)"
PHL1620_IRFL_0196.jpg,Emotion,Attention,"Mimesis (Plato, Aristotle)"
PHL1620_IRFL_0197.jpg,Bounded Rationality,"Anxiety (Kierkegaard, Heidegger)",Consciousness (Locke)
PHL1620_IRFL_0198.jpg,"Reason (Plato, Aristotle)",Doubt (Peirce),Attention
PHL1620_IRFL_0199.jpg,Yin-Yang (I Ching / Yijing),Metaphysics of Change,Yijing / Artistic Conception (Wang Guowei)
PHL1620_IRFL_0200.jpg,Emotion,Media as Extensions of Human Senses (McLuhan),Labour and Work (Marx)
PHL1620_IRFL_0201.jpg,Death (Plato),Evidence,Mereology (Leibniz)
PHL1620_IRFL_0202.jpg,Consciousness (Locke),Well-Being,Parenthood and Procreation
PHL1620_IRFL_0203.jpg,Health and Disease,Market (Adam Smith),Labour and Work (Marx)
PHL1620_IRFL_0204.jpg,Legal Punishment (Kant),Coercion (Hobbes),Negative Liberty (Berlin)
PHL1620_IRFL_0205.jpg,Social Ontology,Haecceity / Thisness (principle of individuation),Personal Identity (Locke)
PHL1620_IRFL_0206.jpg,"Reason (Plato, Aristotle)","Mimesis (Plato, Aristotle)",Aesthetic Object (Dufrenne)
PHL1620_IRFL_0207.jpg,Emotion,Fictional Entities,Reference (Frege)
PHL1620_IRFL_0208.jpg,Pleasure (Plato),"Culture Industry (Adorno, Horkheimer)","Aesthetic Experience (Dewey, Beardsley)"
PHL1620_IRFL_0209.jpg,Privacy (Warren & Brandeis),"Testimony (Austin, Pollock)",Friendship / Philia (Aristotle)
PHL1620_IRFL_0210.jpg,Death (Plato),Social Institutions,Reference (Frege)
PHL1620_IRFL_0211.jpg,Property and Ownership (Locke),Equality (Aristotle),Market (Adam Smith)
PHL1620_IRFL_0212.jpg,Media as Extensions of Human Senses (McLuhan),"Culture Industry (Adorno, Horkheimer)",Agency
PHL1620_IRFL_0213.jpg,Trust,Ethics of Manipulation,Integrity (Williams)
PHL1620_IRFL_0214.jpg,"Anxiety (Kierkegaard, Heidegger)",Emotion,Labour and Work (Marx)
PHL1620_IRFL_0215.jpg,Weighing Reasons (Ross),Practical Reason (Aristotle),Labour and Work (Marx)
PHL1620_IRFL_0216.jpg,Emotion,"Mimesis (Plato, Aristotle)",Aesthetic Object (Dufrenne)
PHL1620_IRFL_0217.jpg,Risk,Agency,Experience (Dewey)
PHL1620_IRFL_0218.jpg,Agency,Risk,Social Institutions
PHL1620_IRFL_0219.jpg,Freedom of Speech (Mill),Privacy (Warren & Brandeis),Emotion
PHL1620_IRFL_0220.jpg,Death (Plato),Being-toward-Death (Heidegger),Reference (Frege)
PHL1620_IRFL_0221.jpg,Reference (Frege),Colour (Locke),Aesthetic Object (Dufrenne)
PHL1620_IRFL_0222.jpg,"Anxiety (Kierkegaard, Heidegger)","Knowledge (Plato, Aristotle)",Bounded Rationality
PHL1620_IRFL_0223.jpg,Philosophy of War,Social Institutions,Shared Agency
PHL1620_IRFL_0224.jpg,Animal Cognition (Donald Griffin),Moral Status of Animals (Peter Singer),Aesthetic Object (Dufrenne)
PHL1620_IRFL_0225.jpg,Social Ontology,Labour and Work (Marx),Haecceity / Thisness (principle of individuation)
PHL1620_IRFL_0226.jpg,Risk,Artefacts (Simon),Causation (Hume)
PHL1620_IRFL_0227.jpg,Property and Ownership (Locke),Market (Adam Smith),Social Institutions
PHL1620_IRFL_0228.jpg,Health and Disease,Risk,Reference (Frege)
PHL1620_IRFL_0229.jpg,"Mimesis (Plato, Aristotle)",Experience (Dewey),Parenthood and Procreation
PHL1620_IRFL_0230.jpg,Fiction (Walton),"Culture Industry (Adorno, Horkheimer)","Mimesis (Plato, Aristotle)"
PHL1620_IRFL_0231.jpg,Eros (Plato),Social Ontology,Aesthetic Object (Dufrenne)
PHL1620_IRFL_0232.jpg,Labour and Work (Marx),"Anxiety (Kierkegaard, Heidegger)",Well-Being
PHL1620_IRFL_0233.jpg,Reconciliation (Arendt),Shared Agency,Agency
PHL1620_IRFL_0234.jpg,Social Ontology,Emotion,Lifeworld (Husserl)
PHL1620_IRFL_0235.jpg,Love,Care / Concern (Heidegger),"Mimesis (Plato, Aristotle)"
PHL1620_IRFL_0236.jpg,Love,Social Institutions,Personal Autonomy
PHL1620_IRFL_0237.jpg,"Culture Industry (Adorno, Horkheimer)",Media as Extensions of Human Senses (McLuhan),Pleasure (Plato)
PHL1620_IRFL_0238.jpg,Parenthood and Procreation,Consciousness (Locke),Well-Being
PHL1620_IRFL_0239.jpg,Authority (Weber),Social Ontology,Agency
PHL1620_IRFL_0240.jpg,Boundaries (Aristotle),Artefacts (Simon),Symmetry and Invariance
PHL1620_IRFL_0241.jpg,Coercion (Hobbes),Human Rights,Colonialism
PHL1620_IRFL_0242.jpg,Disability and Well-being,Capability Approach (Sen),Agency
PHL1620_IRFL_0243.jpg,Property and Ownership (Locke),Market (Adam Smith),Social Institutions
PHL1620_IRFL_0244.jpg,Authority (Weber),Social Institutions,Philosophy of War
PHL1620_IRFL_0245.jpg,Aesthetic Object (Dufrenne),"Mimesis (Plato, Aristotle)","Aesthetic Perception (Merleau-Ponty, Dufrenne)"
PHL1620_IRFL_0246.jpg,Parenthood and Procreation,Love,Experience (Dewey)
PHL1620_IRFL_0247.jpg,Privacy (Warren & Brandeis),"Testimony (Austin, Pollock)",Social Ontology
PHL1620_IRFL_0248.jpg,Social Institutions,Disciplinary Mechanisms (Foucault),"Knowledge (Plato, Aristotle)"
PHL1620_IRFL_0249.jpg,Ethics of Manipulation,Coercion (Hobbes),Agency
PHL1620_IRFL_0250.jpg,Altruism,Trust,Shared Agency
PHL1620_IRFL_0251.jpg,Emotion,"Anxiety (Kierkegaard, Heidegger)",Media as Extensions of Human Senses (McLuhan)
PHL1620_IRFL_0252.jpg,Aesthetic Object (Dufrenne),Propriety (Aristotle),"Mimesis (Plato, Aristotle)"
PHL1620_IRFL_0253.jpg,Social Ontology,Social Epistemology (Goldman),Lifeworld (Husserl)
PHL1620_IRFL_0254.jpg,Market (Adam Smith),Media as Extensions of Human Senses (McLuhan),Property and Ownership (Locke)
PHL1620_IRFL_0255.jpg,Ambiguity,Reference (Frege),Social Epistemology (Goldman)
PHL1620_IRFL_0256.jpg,Privacy (Warren & Brandeis),Reference (Frege),Agency
PHL1620_IRFL_0257.jpg,Aesthetic Object (Dufrenne),"Mimesis (Plato, Aristotle)",Everyday Aesthetics (Saito)
PHL1620_IRFL_0258.jpg,Friendship / Philia (Aristotle),Pleasure (Plato),Social Ontology
PHL1620_IRFL_0259.jpg,Love,Social Institutions,Personal Autonomy
PHL1620_IRFL_0260.jpg,Freedom of Speech (Mill),Solidarity (Durkheim),Legal Obligation and Authority (Hobbes)
PHL1620_IRFL_0261.jpg,Agency,Experience (Dewey),Well-Being
PHL1620_IRFL_0262.jpg,Recognition (Hegel),Pleasure (Plato),Social Ontology
PHL1620_IRFL_0263.jpg,Freedom of Speech (Mill),Solidarity (Durkheim),Collective Intentionality
PHL1620_IRFL_0264.jpg,Belief (Peirce),Collective Intentionality,Reference (Frege)
PHL1620_IRFL_0265.jpg,Privacy (Warren & Brandeis),Reference (Frege),Agency
PHL1620_IRFL_0266.jpg,Pleasure (Plato),Lifeworld (Husserl),Market (Adam Smith)
PHL1620_IRFL_0267.jpg,"Reason (Plato, Aristotle)",Attention,"Mimesis (Plato, Aristotle)"
PHL1620_IRFL_0268.jpg,Labour and Work (Marx),Shared Agency,Ecological Aesthetics (Berleant)
PHL1620_IRFL_0269.jpg,Philosophy of War,Risk,Agency
PHL1620_IRFL_0270.jpg,Risk,Resolve (Heidegger),Agency
PHL1620_IRFL_0271.jpg,Agency,Experience (Dewey),Social Institutions
PHL1620_IRFL_0272.jpg,Philosophy of War,Fiction (Walton),"Culture Industry (Adorno, Horkheimer)"
PHL1620_IRFL_0273.jpg,Philosophy of War,Social Institutions,Risk
PHL1620_IRFL_0274.jpg,Rule of Law (Aristotle),"Testimony (Austin, Pollock)",Social Institutions
PHL1620_IRFL_0275.jpg,"Knowledge (Plato, Aristotle)",Expert Knowledge (Goldman),Social Institutions
PHL1620_IRFL_0276.jpg,Duty (Kant),Authority (Weber),Social Institutions
PHL1620_IRFL_0277.jpg,"Knowledge (Plato, Aristotle)",Reference (Frege),Memory
PHL1620_IRFL_0278.jpg,Emotion,Argument and Argumentation,Social Ontology
PHL1620_IRFL_0279.jpg,Emotion,Risk,Social Ontology
PHL1620_IRFL_0280.jpg,Blame (Strawson),Emotion,Coercion (Hobbes)
PHL1620_IRFL_0281.jpg,"Anxiety (Kierkegaard, Heidegger)",Emotion,Lifeworld (Husserl)
PHL1620_IRFL_0282.jpg,Altruism,Care / Concern (Heidegger),Compassion / Karuṇā (Buddhism)
PHL1620_IRFL_0283.jpg,Collective Responsibility,Shared Agency,Ecological Aesthetics (Berleant)
PHL1620_IRFL_0284.jpg,Philosophy of Biomedicine,Care / Concern (Heidegger),Trust
PHL1620_IRFL_0285.jpg,Health and Disease,"Perception (Locke, Hume)",Lifeworld (Husserl)
PHL1620_IRFL_0286.jpg,Well-Being,"Anxiety (Kierkegaard, Heidegger)",Emotion
PHL1620_IRFL_0287.jpg,Emotion,"Anxiety (Kierkegaard, Heidegger)","Mimesis (Plato, Aristotle)"
PHL1620_IRFL_0288.jpg,Resolve (Heidegger),Agency,Emotion
PHL1620_IRFL_0289.jpg,Emotion,Social Ontology,Lifeworld (Husserl)
PHL1620_IRFL_0290.jpg,Will to Live (Schopenhauer),Animal Cognition (Donald Griffin),Ecological Aesthetics (Berleant)
PHL1620_IRFL_0291.jpg,Emotion,Social Ontology,Lifeworld (Husserl)
PHL1620_IRFL_0292.jpg,Emotion,Social Ontology,"Mimesis (Plato, Aristotle)"
PHL1620_IRFL_0293.jpg,Collective Responsibility,Shared Agency,Ecological Aesthetics (Berleant)
PHL1620_IRFL_0294.jpg,Parenthood and Procreation,Love,Care / Concern (Heidegger)
PHL1620_IRFL_0295.jpg,"Knowledge (Plato, Aristotle)",Attention,Pleasure (Plato)
PHL1620_IRFL_0296.jpg,"Knowledge (Plato, Aristotle)",Social Epistemology (Goldman),Care / Concern (Heidegger)
PHL1620_IRFL_0297.jpg,Artefacts (Simon),Dependent Beauty (Kant),Experience (Dewey)
PHL1620_IRFL_0298.jpg,"Knowledge (Plato, Aristotle)",Attention,Experience (Dewey)
PHL1620_IRFL_0299.jpg,Colour (Locke),Free Beauty (Kant),Aesthetic Object (Dufrenne)
PHL1620_IRFL_0300.jpg,"Perception (Locke, Hume)",Colour (Locke),Aesthetic Object (Dufrenne)
PHL1620_IRFL_0301.jpg,Emotion,Philosophy of Humor,Fiction (Walton)
PHL1620_IRFL_0302.jpg,Colour (Locke),Everyday Aesthetics (Saito),"Aesthetic Experience (Dewey, Beardsley)"
PHL1620_IRFL_0303.jpg,Haecceity / Thisness (principle of individuation),Colour (Locke),Attention
PHL1620_IRFL_0304.jpg,Haecceity / Thisness (principle of individuation),Colour (Locke),Attention
PHL1620_IRFL_0305.jpg,Emotion,"Mimesis (Plato, Aristotle)",Aesthetic Object (Dufrenne)
PHL1620_IRFL_0306.jpg,Agency,Risk,Artefacts (Simon)
PHL1620_IRFL_0307.jpg,Animal Cognition (Donald Griffin),Symmetry and Invariance,Ecological Aesthetics (Berleant)
PHL1620_IRFL_0308.jpg,"Perception (Locke, Hume)",Colour (Locke),Aesthetic Object (Dufrenne)
PHL1620_IRFL_0309.jpg,Bounded Rationality,Labour and Work (Marx),Media as Extensions of Human Senses (McLuhan)
PHL1620_IRFL_0310.jpg,Animal Cognition (Donald Griffin),Emergence (Broad),Ecological Aesthetics (Berleant)
PHL1620_IRFL_0311.jpg,Social Institutions,Lifeworld (Husserl),Risk
PHL1620_IRFL_0312.jpg,Spectacle (Debord),Market (Adam Smith),Sense of Place (Norberg-Schulz)
PHL1620_IRFL_0313.jpg,Dynamical Sublime (Kant),Wilderness Aesthetics (Rolston),"Grandeur (Burke, Kant)"
PHL1620_IRFL_0314.jpg,"Knowledge (Plato, Aristotle)",Attention,Aesthetic Object (Dufrenne)
PHL1620_IRFL_0315.jpg,Artefacts (Simon),Dependent Beauty (Kant),Experience (Dewey)
PHL1620_IRFL_0316.jpg,"Perception (Locke, Hume)","Aesthetic Perception (Merleau-Ponty, Dufrenne)",Aesthetic Object (Dufrenne)
PHL1620_IRFL_0317.jpg,Labour and Work (Marx),Consciousness (Locke),Well-Being
PHL1620_IRFL_0318.jpg,Labour and Work (Marx),Media as Extensions of Human Senses (McLuhan),Lifeworld (Husserl)
PHL1620_IRFL_0319.jpg,Parenthood and Procreation,Love,Care / Concern (Heidegger)
PHL1620_IRFL_0320.jpg,Metaphysics of Change,Artefacts (Simon),Risk
PHL1620_IRFL_0321.jpg,Pleasure (Plato),Love,"Mimesis (Plato, Aristotle)"
PHL1620_IRFL_0322.jpg,Agency,Risk,Artefacts (Simon)
PHL1620_IRFL_0323.jpg,Pleasure (Plato),Everyday Aesthetics (Saito),Aesthetic Object (Dufrenne)
PHL1620_IRFL_0324.jpg,Social Institutions,Lifeworld (Husserl),Risk
PHL1620_IRFL_0325.jpg,Dependent Beauty (Kant),Artefacts (Simon),Aesthetic Object (Dufrenne)
PHL1620_IRFL_0326.jpg,Social Ontology,Colour (Locke),"Rhythm (Pythagoreans, Plato)"
PHL1620_IRFL_0327.jpg,Emotion,Pleasure (Plato),"Mimesis (Plato, Aristotle)"
PHL1620_IRFL_0328.jpg,Philosophy of War,Risk,Fiction (Walton)
PHL1620_IRFL_0329.jpg,Risk,Artefacts (Simon),Imagination
PHL1620_IRFL_0330.jpg,Emotion,Pleasure (Plato),"Mimesis (Plato, Aristotle)"
PHL1620_IRFL_0331.jpg,Agency,Experience (Dewey),Social Institutions
PHL1620_IRFL_0332.jpg,Bounded Rationality,Labour and Work (Marx),"Anxiety (Kierkegaard, Heidegger)"
PHL1620_IRFL_0333.jpg,"Reason (Plato, Aristotle)",Attention,"Mimesis (Plato, Aristotle)"
PHL1620_IRFL_0334.jpg,Pleasure (Plato),Emotion,Reference (Frege)
PHL1620_IRFL_0335.jpg,"Effects & Consequences (James, Dewey)",Risk,Metaphysics of Change
PHL1620_IRFL_0336.jpg,"Anxiety (Kierkegaard, Heidegger)",Emotion,"Mimesis (Plato, Aristotle)"
PHL1620_IRFL_0337.jpg,Labour and Work (Marx),Consciousness (Locke),Well-Being
PHL1620_IRFL_0338.jpg,Colour (Locke),Free Beauty (Kant),Aesthetic Object (Dufrenne)
PHL1620_IRFL_0339.jpg,Love,Trust,Loyalty (Josiah Royce)
PHL1620_IRFL_0340.jpg,Ecological Aesthetics (Berleant),Wilderness Aesthetics (Rolston),Yijing / Artistic Conception (Wang Guowei)
PHL1620_IRFL_0341.jpg,Emotion,Pleasure (Plato),"Mimesis (Plato, Aristotle)"
PHL1620_IRFL_0342.jpg,Aesthetic Object (Dufrenne),"Mimesis (Plato, Aristotle)","Aesthetic Perception (Merleau-Ponty, Dufrenne)"
PHL1620_IRFL_0343.jpg,"Knowledge (Plato, Aristotle)",Expert Knowledge (Goldman),Social Institutions
PHL1620_IRFL_0344.jpg,Philosophy of War,Emotion,Fiction (Walton)
PHL1620_IRFL_0345.jpg,Aesthetic Object (Dufrenne),"Mimesis (Plato, Aristotle)",Colour (Locke)
PHL1620_IRFL_0346.jpg,Risk,Agency,Experience (Dewey)
PHL1620_IRFL_0347.jpg,Aesthetic Object (Dufrenne),"Mimesis (Plato, Aristotle)","Aesthetic Perception (Merleau-Ponty, Dufrenne)"
PHL1620_IRFL_0348.jpg,Aesthetic Object (Dufrenne),"Mimesis (Plato, Aristotle)","Aesthetic Perception (Merleau-Ponty, Dufrenne)"
PHL1620_IRFL_0349.jpg,Aesthetic Object (Dufrenne),"Mimesis (Plato, Aristotle)","Aesthetic Perception (Merleau-Ponty, Dufrenne)"
PHL1620_IRFL_0350.jpg,Aesthetic Object (Dufrenne),"Mimesis (Plato, Aristotle)","Aesthetic Perception (Merleau-Ponty, Dufrenne)"
PHL1620_IRFL_0351.jpg,Agency,Experience (Dewey),Well-Being
PHL1620_IRFL_0352.jpg,Aesthetic Object (Dufrenne),"Mimesis (Plato, Aristotle)",Symmetry and Invariance
PHL1620_IRFL_0353.jpg,Agency,Experience (Dewey),Well-Being
PHL1620_IRFL_0354.jpg,Recognition (Hegel),"Knowledge (Plato, Aristotle)",Pleasure (Plato)
PHL1620_IRFL_0355.jpg,Experience (Dewey),Pleasure (Plato),Artefacts (Simon)
PHL1620_IRFL_0356.jpg,Colour (Locke),Free Beauty (Kant),Aesthetic Object (Dufrenne)
PHL1620_IRFL_0357.jpg,Aesthetic Object (Dufrenne),"Aesthetic Perception (Merleau-Ponty, Dufrenne)","Mimesis (Plato, Aristotle)"
PHL1620_IRFL_0358.jpg,Social Ontology,"Mimesis (Plato, Aristotle)",Aesthetic Object (Dufrenne)
PHL1620_IRFL_0359.jpg,Colour (Locke),Type and Token (Peirce),"Mimesis (Plato, Aristotle)"
PHL1620_IRFL_0360.jpg,Emotion,Agency,"Mimesis (Plato, Aristotle)"
PHL1620_IRFL_0361.jpg,Pleasure (Plato),Everyday Aesthetics (Saito),Colour (Locke)
PHL1620_IRFL_0362.jpg,Wilderness Aesthetics (Rolston),Mathematical Sublime (Kant),Ecological Aesthetics (Berleant)
PHL1620_IRFL_0363.jpg,Everyday Aesthetics (Saito),Pleasure (Plato),Colour (Locke)
PHL1620_IRFL_0364.jpg,Everyday Aesthetics (Saito),Pleasure (Plato),Colour (Locke)
PHL1620_IRFL_0365.jpg,Agency,Risk,Experience (Dewey)
PHL1620_IRFL_0366.jpg,Social Ontology,Aesthetic Object (Dufrenne),"Mimesis (Plato, Aristotle)"
PHL1620_IRFL_0367.jpg,Metaphysics of Change,"Sabi (Bashō, wabi-sabi tradition)",Artefacts (Simon)
PHL1620_IRFL_0368.jpg,Everyday Aesthetics (Saito),Pleasure (Plato),Colour (Locke)
PHL1620_IRFL_0369.jpg,Moral Status of Animals (Peter Singer),Compassion / Karuṇā (Buddhism),Health and Disease
PHL1620_IRFL_0370.jpg,"Grandeur (Burke, Kant)",Sense of Place (Norberg-Schulz),Dependent Beauty (Kant)
PHL1620_IRFL_0371.jpg,Emotion,Agency,"Mimesis (Plato, Aristotle)"
PHL1620_IRFL_0372.jpg,Recognition (Hegel),Aesthetic Judgment (Hume),Social Institutions
PHL1620_IRFL_0373.jpg,Yijing / Artistic Conception (Wang Guowei),Yūgen (Zeami),Wilderness Aesthetics (Rolston)
PHL1620_IRFL_0374.jpg,Emotion,"Mimesis (Plato, Aristotle)",Attention
PHL1620_IRFL_0375.jpg,Ecological Aesthetics (Berleant),Risk,"Effects & Consequences (James, Dewey)"
PHL1620_IRFL_0376.jpg,Lifeworld (Husserl),Everyday Aesthetics (Saito),Artefacts (Simon)
PHL1620_IRFL_0377.jpg,Artefacts (Simon),Dependent Beauty (Kant),Symmetry and Invariance
PHL1620_IRFL_0378.jpg,Risk,Evidence,Reference (Frege)
PHL1620_IRFL_0379.jpg,Emotion,Pleasure (Plato),"Mimesis (Plato, Aristotle)"
PHL1620_IRFL_0380.jpg,Ecological Aesthetics (Berleant),Risk,"Effects & Consequences (James, Dewey)"
PHL1620_IRFL_0381.jpg,Lifeworld (Husserl),Everyday Aesthetics (Saito),Artefacts (Simon)
PHL1620_IRFL_0382.jpg,Ecological Aesthetics (Berleant),Risk,"Effects & Consequences (James, Dewey)"
PHL1620_IRFL_0383.jpg,Labour and Work (Marx),Metaphysics of Change,Agency
PHL1620_IRFL_0384.jpg,Artefacts (Simon),Dependent Beauty (Kant),Metaphysics of Change
PHL1620_IRFL_0385.jpg,"Mimesis (Plato, Aristotle)",Memory,Artefacts (Simon)
PHL1620_IRFL_0386.jpg,Colour (Locke),Aesthetic Object (Dufrenne),Free Beauty (Kant)
PHL1620_IRFL_0387.jpg,Aesthetic Object (Dufrenne),"Mimesis (Plato, Aristotle)","Aesthetic Perception (Merleau-Ponty, Dufrenne)"
PHL1620_IRFL_0388.jpg,Emotion,Media as Extensions of Human Senses (McLuhan),Experience (Dewey)
PHL1620_IRFL_0389.jpg,Wilderness Aesthetics (Rolston),Metaphysics of Change,Ecological Aesthetics (Berleant)
PHL1620_IRFL_0390.jpg,Colour (Locke),Aesthetic Object (Dufrenne),Free Beauty (Kant)
PHL1620_IRFL_0391.jpg,Artefacts (Simon),Agency,Dependent Beauty (Kant)
PHL1620_IRFL_0392.jpg,Everyday Aesthetics (Saito),Pleasure (Plato),Aesthetic Object (Dufrenne)
PHL1620_IRFL_0393.jpg,Doubt (Peirce),"Suspension of Judgment (Pyrrho, Sextus)","Mimesis (Plato, Aristotle)"
PHL1620_IRFL_0394.jpg,Wilderness Aesthetics (Rolston),Ecological Aesthetics (Berleant),Yijing / Artistic Conception (Wang Guowei)
PHL1620_IRFL_0395.jpg,Artefacts (Simon),Well-Being,Readiness-to-Hand (Heidegger)
PHL1620_IRFL_0396.jpg,Agency,Experience (Dewey),Artefacts (Simon)
PHL1620_IRFL_0397.jpg,Lifeworld (Husserl),Everyday Aesthetics (Saito),Artefacts (Simon)
PHL1620_IRFL_0398.jpg,Artefacts (Simon),Sense of Place (Norberg-Schulz),Yijing / Artistic Conception (Wang Guowei)
PHL1620_IRFL_0399.jpg,Moral Status of Animals (Peter Singer),Compassion / Karuṇā (Buddhism),Health and Disease
PHL1620_IRFL_0400.jpg,Artefacts (Simon),Readiness-to-Hand (Heidegger),Dispositions (Aristotle)
PHL1620_IRFL_0401.jpg,Biodiversity,Moral Status of Animals (Peter Singer),Aesthetic Object (Dufrenne)
PHL1620_IRFL_0402.jpg,Health and Disease,"Effects & Consequences (James, Dewey)",Risk
PHL1620_IRFL_0403.jpg,Aesthetic Object (Dufrenne),"Mimesis (Plato, Aristotle)",Pleasure (Plato)
PHL1620_IRFL_0404.jpg,Artefacts (Simon),Sense of Place (Norberg-Schulz),Ecological Aesthetics (Berleant)
PHL1620_IRFL_0405.jpg,Labour and Work (Marx),Metaphysics of Change,Agency
PHL1620_IRFL_0406.jpg,Artefacts (Simon),Dispositions (Aristotle),Risk
PHL1620_IRFL_0407.jpg,Experience (Dewey),Well-Being,"Mimesis (Plato, Aristotle)"
PHL1620_IRFL_0408.jpg,Health and Disease,Well-Being,Lifeworld (Husserl)
PHL1620_IRFL_0409.jpg,Colour (Locke),Ecological Aesthetics (Berleant),Free Beauty (Kant)
PHL1620_IRFL_0410.jpg,Health and Disease,Evidence,Experience (Dewey)
PHL1620_IRFL_0411.jpg,Aesthetic Object (Dufrenne),"Mimesis (Plato, Aristotle)",Pleasure (Plato)
PHL1620_IRFL_0412.jpg,Risk,Wilderness Aesthetics (Rolston),Sublime (Burke)
PHL1620_IRFL_0413.jpg,Holes,Boundaries (Aristotle),Risk
PHL1620_IRFL_0414.jpg,Moral Status of Animals (Peter Singer),Compassion / Karuṇā (Buddhism),Health and Disease
PHL1620_IRFL_0415.jpg,Imagination,Philosophy of Humor,Artefacts (Simon)
PHL1620_IRFL_0416.jpg,Risk,Chance versus Randomness,"Effects & Consequences (James, Dewey)"
PHL1620_IRFL_0417.jpg,Wilderness Aesthetics (Rolston),Metaphysics of Change,Ecological Aesthetics (Berleant)
PHL1620_IRFL_0418.jpg,Wilderness Aesthetics (Rolston),Metaphysics of Change,Ecological Aesthetics (Berleant)
PHL1620_IRFL_0419.jpg,Everyday Aesthetics (Saito),Pleasure (Plato),Colour (Locke)
PHL1620_IRFL_0420.jpg,Dependent Beauty (Kant),Everyday Aesthetics (Saito),Artefacts (Simon)
PHL1620_MM_0001.jpg,Freedom of Speech (Mill),Civil Disobedience (Thoreau),Disciplinary Mechanisms (Foucault)
PHL1620_MM_0002.jpg,Empathy,Disability and Well-being,Compassion / Karuṇā (Buddhism)
PHL1620_MM_0003.jpg,Discrimination,Dignity,Critical Disability Theory
PHL1620_MM_0004.jpg,Moral Status of Animals (Peter Singer),Respect (Kant),Compassion / Karuṇā (Buddhism)
PHL1620_MM_0005.jpg,Integrity (Williams),Trust,Moral Requirements and Permissions
PHL1620_MM_0006.jpg,Agency,Risk,Well-Being
PHL1620_MM_0007.jpg,Coercion (Hobbes),Freedom of Association (US 1st Amendment),Authority (Weber)
PHL1620_MM_0008.jpg,Authority (Weber),Domination (Marx),Personal Autonomy
PHL1620_MM_0009.jpg,Loyalty (Josiah Royce),Personal Autonomy,Filial Piety and Fraternal Duty (Confucius)
PHL1620_MM_0010.jpg,Propriety (Aristotle),Moral-Conventional Distinction,Artefacts (Simon)
PHL1620_MM_0011.jpg,Authority (Weber),Freedom of Speech (Mill),Respect (Kant)
PHL1620_MM_0012.jpg,Recognition (Hegel),Expert Knowledge (Goldman),Respect (Kant)
PHL1620_MM_0013.jpg,Patriotism (MacIntyre),Respect (Kant),Moral-Conventional Distinction
PHL1620_MM_0014.jpg,Property and Ownership (Locke),Freedom of Speech (Mill),Aesthetic Autonomy (Adorno)
PHL1620_MM_0015.jpg,Attention,Duty (Kant),Labour and Work (Marx)
PHL1620_MM_0016.jpg,Duty (Kant),Authority (Weber),Moral-Conventional Distinction
PHL1620_MM_0017.jpg,Property and Ownership (Locke),Moral Responsibility (Aristotle),Freedom of Speech (Mill)
PHL1620_MM_0018.jpg,Gratitude (Cicero),Respect (Kant),"Knowledge (Plato, Aristotle)"
PHL1620_MM_0019.jpg,Freedom of Speech (Mill),Agency,Social Institutions
PHL1620_MM_0020.jpg,Respect (Kant),Attention,"Knowledge (Plato, Aristotle)"
PHL1620_MM_0021.jpg,Personal Autonomy,Paternalism,Risk
PHL1620_MM_0022.jpg,Respect (Kant),Propriety (Aristotle),Social Institutions
PHL1620_MM_0023.jpg,Bounded Rationality,Instrumental Reason (Hume),Weighing Reasons (Ross)
PHL1620_MM_0024.jpg,Moral Responsibility (Aristotle),Property and Ownership (Locke),Labour and Work (Marx)
PHL1620_MM_0025.jpg,Filial Piety and Fraternal Duty (Confucius),Respect (Kant),Attention
PHL1620_MM_0026.jpg,Duty (Kant),Moral-Conventional Distinction,Disciplinary Mechanisms (Foucault)
PHL1620_MM_0027.jpg,Civil Disobedience (Thoreau),Freedom of Speech (Mill),Aesthetic Autonomy (Adorno)
PHL1620_MM_0028.jpg,Moral Responsibility (Aristotle),Duty (Kant),Authority (Weber)
PHL1620_MM_0029.jpg,Attention,Weakness of Will / Akrasia (Aristotle),"Knowledge (Plato, Aristotle)"
PHL1620_MM_0030.jpg,Freedom of Speech (Mill),Civil Disobedience (Thoreau),Property and Ownership (Locke)
PHL1620_MM_0031.jpg,Personal Autonomy,Duty (Kant),Authority (Weber)
PHL1620_MM_0032.jpg,Inquiry (Dewey),"Knowledge (Plato, Aristotle)","Aesthetic Experience (Dewey, Beardsley)"
PHL1620_MM_0033.jpg,Respect (Kant),Attention,Weakness of Will / Akrasia (Aristotle)
PHL1620_MM_0034.jpg,Attention,"Knowledge (Plato, Aristotle)",Respect (Kant)
PHL1620_MM_0035.jpg,Dignity,Respect (Kant),Blame (Strawson)
PHL1620_MM_0036.jpg,Altruism,Principle of Beneficence,"Knowledge (Plato, Aristotle)"
PHL1620_MM_0037.jpg,Empathy,Respect (Kant),Love
PHL1620_MM_0038.jpg,Recognition (Hegel),Disability and Well-being,Respect (Kant)
PHL1620_MM_0039.jpg,Empathy,Respect (Kant),Love
PHL1620_MM_0040.jpg,Reconciliation (Arendt),"Ataraxia (Pyrrho, Sextus)",Respect (Kant)
PHL1620_MM_0041.jpg,Trust,"Mimesis (Plato, Aristotle)",Integrity (Williams)
PHL1620_MM_0042.jpg,Moral Responsibility (Aristotle),Forgiveness (Arendt),Respect (Kant)
PHL1620_MM_0043.jpg,Discrimination,Dignity,Critical Disability Theory
PHL1620_MM_0044.jpg,Aesthetic Judgment (Hume),Everyday Aesthetics (Saito),Recognition (Hegel)
PHL1620_MM_0045.jpg,Moral Status of Animals (Peter Singer),Moral Responsibility (Aristotle),Risk
PHL1620_MM_0046.jpg,Respect (Kant),Dignity,Critical Disability Theory
PHL1620_MM_0047.jpg,Respect (Kant),Recognition (Hegel),Love
PHL1620_MM_0048.jpg,Respect (Kant),Discrimination,Labour and Work (Marx)
PHL1620_MM_0049.jpg,Moral Status of Animals (Peter Singer),Moral Responsibility (Aristotle),Coercion (Hobbes)
PHL1620_MM_0050.jpg,Recognition (Hegel),Pleasure (Plato),Respect (Kant)
PHL1620_MM_0051.jpg,Respect (Kant),Dignity,Empathy
PHL1620_MM_0052.jpg,Respect (Kant),Love,Recognition (Hegel)
PHL1620_MM_0053.jpg,Moral Status of Animals (Peter Singer),Moral Responsibility (Aristotle),Risk
PHL1620_MM_0054.jpg,Dependent Beauty (Kant),Aesthetic Judgment (Hume),Recognition (Hegel)
PHL1620_MM_0055.jpg,Moral Status of Animals (Peter Singer),Moral Responsibility (Aristotle),Risk
PHL1620_MM_0056.jpg,Empathy,Compassion / Karuṇā (Buddhism),Health and Disease
PHL1620_MM_0057.jpg,Loyalty (Josiah Royce),Rule of Law (Aristotle),Moral Dilemmas
PHL1620_MM_0058.jpg,Distributive Justice (Rawls),Common Good (Aristotle),Altruism
PHL1620_MM_0059.jpg,Equality (Aristotle),Justice as a Virtue (Plato),Loyalty (Josiah Royce)
PHL1620_MM_0060.jpg,Desert (Aristotle),Recognition (Hegel),Shared Agency
PHL1620_MM_0061.jpg,Equality (Aristotle),Desert (Aristotle),Distributive Justice (Rawls)
PHL1620_MM_0062.jpg,Integrity (Williams),Moral Requirements and Permissions,Trust
PHL1620_MM_0063.jpg,Equality (Aristotle),Justice as a Virtue (Plato),Loyalty (Josiah Royce)
PHL1620_MM_0064.jpg,Integrity (Williams),Justice as a Virtue (Plato),Moral Responsibility (Aristotle)
PHL1620_MM_0065.jpg,Integrity (Williams),Property and Ownership (Locke),Evidence
PHL1620_MM_0066.jpg,Discrimination,Rights (Kant),"Knowledge (Plato, Aristotle)"
PHL1620_MM_0067.jpg,Equality (Aristotle),Justice as a Virtue (Plato),Moral Responsibility (Aristotle)
PHL1620_MM_0068.jpg,Domination (Marx),Distributive Justice (Rawls),Labour and Work (Marx)
PHL1620_MM_0069.jpg,Aesthetic Judgment (Hume),Justice as a Virtue (Plato),Integrity (Williams)
PHL1620_MM_0070.jpg,Distributive Justice (Rawls),Justice as a Virtue (Plato),Market (Adam Smith)
PHL1620_MM_0071.jpg,Integrity (Williams),Practical Reason (Aristotle),Moral Requirements and Permissions
PHL1620_MM_0072.jpg,Justice as a Virtue (Plato),Authority (Weber),Discrimination
PHL1620_MM_0073.jpg,Justice as a Virtue (Plato),Equality (Aristotle),Moral Responsibility (Aristotle)
PHL1620_MM_0074.jpg,Justice and Accessibility in Healthcare,Justice as a Virtue (Plato),Distributive Justice (Rawls)
PHL1620_MM_0075.jpg,Distributive Justice (Rawls),Equality (Aristotle),Desert (Aristotle)
PHL1620_MM_0076.jpg,Property and Ownership (Locke),Altruism,Distributive Justice (Rawls)
PHL1620_MM_0077.jpg,Desert (Aristotle),Integrity (Williams),Labour and Work (Marx)
PHL1620_MM_0078.jpg,Integrity (Williams),Ethics of Manipulation,Moral Requirements and Permissions
PHL1620_MM_0079.jpg,Integrity (Williams),Moral Requirements and Permissions,Pleasure (Plato)
PHL1620_MM_0080.jpg,Authority (Weber),Personal Autonomy,Domination (Marx)
PHL1620_MM_0081.jpg,Loyalty (Josiah Royce),Market (Adam Smith),Reasons for Action (Davidson)
PHL1620_MM_0082.jpg,Moral-Conventional Distinction,Disciplinary Mechanisms (Foucault),Authority (Weber)
PHL1620_MM_0083.jpg,Loyalty (Josiah Royce),Market (Adam Smith),Reasons for Action (Davidson)
PHL1620_MM_0084.jpg,Authority (Weber),Coercion (Hobbes),Market (Adam Smith)
PHL1620_MM_0085.jpg,Personal Autonomy,"Authenticity (Heidegger, Sartre)",Positive Liberty (Berlin)
PHL1620_MM_0086.jpg,Authority (Weber),Coercion (Hobbes),Market (Adam Smith)
PHL1620_MM_0087.jpg,Altruism,Distributive Justice (Rawls),Social Institutions
PHL1620_MM_0088.jpg,Authority (Weber),Personal Autonomy,Domination (Marx)
PHL1620_MM_0089.jpg,"Authenticity (Heidegger, Sartre)",Personal Autonomy,Agency
PHL1620_MM_0090.jpg,Loyalty (Josiah Royce),Authority (Weber),"Knowledge (Plato, Aristotle)"
PHL1620_MM_0091.jpg,Personal Autonomy,"Authenticity (Heidegger, Sartre)",Agency
PHL1620_MM_0092.jpg,Paternalism,Personal Autonomy,Parenthood and Procreation
PHL1620_MM_0093.jpg,Personal Autonomy,"Authenticity (Heidegger, Sartre)","Aesthetic Experience (Dewey, Beardsley)"
PHL1620_MM_0094.jpg,Authority (Weber),Personal Autonomy,Parenthood and Procreation
PHL1620_MM_0095.jpg,Authority (Weber),Personal Autonomy,Parenthood and Procreation
PHL1620_MM_0096.jpg,Personal Autonomy,Agency,Music (Schopenhauer)
PHL1620_MM_0097.jpg,Reasons for Action (Davidson),Property and Ownership (Locke),Market (Adam Smith)
PHL1620_MM_0098.jpg,Personal Autonomy,"Authenticity (Heidegger, Sartre)",Hope
PHL1620_MM_0099.jpg,Disciplinary Mechanisms (Foucault),Personal Autonomy,Authority (Weber)
PHL1620_MM_0100.jpg,Altruism,Distributive Justice (Rawls),"Knowledge (Plato, Aristotle)"
PHL1620_MM_0101.jpg,Paternalism,Freedom of Association (US 1st Amendment),"Knowledge (Plato, Aristotle)"
PHL1620_MM_0102.jpg,Personal Autonomy,Agency,Trust
PHL1620_MM_0103.jpg,Humility / Modesty,Recognition (Hegel),Common Good (Aristotle)
PHL1620_MM_0104.jpg,Gratitude (Cicero),Pacifism,Recognition (Hegel)
PHL1620_MM_0105.jpg,Humility / Modesty,Imagined Communities (Anderson),Philosophy of Humor
PHL1620_MM_0106.jpg,Integrity (Williams),Moral Responsibility (Aristotle),Trust
PHL1620_MM_0107.jpg,Loyalty (Josiah Royce),Moral Dilemmas,Labour and Work (Marx)
PHL1620_MM_0108.jpg,Common Good (Aristotle),Political Obligation (Socrates),Moral Responsibility (Aristotle)
PHL1620_MM_0109.jpg,Citizenship (Aristotle),Personal Autonomy,Patriotism (MacIntyre)
PHL1620_MM_0110.jpg,Recognition (Hegel),Respect (Kant),Virtue (Aristotle)
PHL1620_MM_0111.jpg,Altruism,Charity (Kant),Common Good (Aristotle)
PHL1620_MM_0112.jpg,Loyalty (Josiah Royce),Friendship / Philia (Aristotle),Altruism
PHL1620_MM_0113.jpg,Recognition (Hegel),Respect (Kant),Pleasure (Plato)
PHL1620_MM_0114.jpg,Solidarity (Durkheim),Shared Agency,Hope
PHL1620_MM_0115.jpg,Loyalty (Josiah Royce),Personal Autonomy,Labour and Work (Marx)
PHL1620_MM_0116.jpg,Imagined Communities (Anderson),Patriotism (MacIntyre),Philosophy of Humor
PHL1620_MM_0117.jpg,Patriotism (MacIntyre),Loyalty (Josiah Royce),Market (Adam Smith)
PHL1620_MM_0118.jpg,Empathy,Solidarity (Durkheim),Virtue (Aristotle)
PHL1620_MM_0119.jpg,Blame (Strawson),Emotion,Solidarity (Durkheim)
PHL1620_MM_0120.jpg,Ideology (Marx),Market (Adam Smith),Patriotism (MacIntyre)
PHL1620_MM_0121.jpg,Autonomy in Moral and Political Philosophy,Democracy (Athenian model),Loyalty (Josiah Royce)
PHL1620_MM_0122.jpg,Loyalty (Josiah Royce),Love,"Aesthetic Experience (Dewey, Beardsley)"
PHL1620_MM_0123.jpg,Integrity (Williams),Labour and Work (Marx),Philosophy of Humor
PHL1620_MM_0124.jpg,Solidarity (Durkheim),Loyalty (Josiah Royce),Reference (Frege)
PHL1620_MM_0125.jpg,Blame (Strawson),Collective Responsibility,Respect (Kant)
PHL1620_MM_0126.jpg,"Knowledge (Plato, Aristotle)",Loyalty (Josiah Royce),Labour and Work (Marx)
PHL1620_MM_0127.jpg,Eros (Plato),Experience (Dewey),Inquiry (Dewey)
PHL1620_MM_0128.jpg,Love,Social Institutions,Pleasure (Plato)
PHL1620_MM_0129.jpg,Weakness of Will / Akrasia (Aristotle),Eros (Plato),Moral Responsibility (Aristotle)
PHL1620_MM_0130.jpg,Moral Status of Animals (Peter Singer),"Knowledge (Plato, Aristotle)",Media as Extensions of Human Senses (McLuhan)
PHL1620_MM_0131.jpg,Moral-Conventional Distinction,Moral Disagreement (Mackie),Social Institutions
PHL1620_MM_0132.jpg,Personal Autonomy,Market (Adam Smith),Practical Reason (Aristotle)
PHL1620_MM_0133.jpg,Moral-Conventional Distinction,Respect (Kant),Moral Responsibility (Aristotle)
PHL1620_MM_0134.jpg,Weakness of Will / Akrasia (Aristotle),Well-Being,Moral Responsibility (Aristotle)
PHL1620_MM_0135.jpg,Moral Status of Animals (Peter Singer),Moral-Conventional Distinction,Moral Responsibility (Aristotle)
PHL1620_MM_0136.jpg,Fiction (Walton),Imagination,"Aesthetic Experience (Dewey, Beardsley)"
PHL1620_MM_0137.jpg,Moral Status of Animals (Peter Singer),Moral-Conventional Distinction,Moral Responsibility (Aristotle)
PHL1620_MM_0138.jpg,Death (Plato),Love,Emotion
PHL1620_MM_0139.jpg,Eros (Plato),Experience (Dewey),Inquiry (Dewey)
PHL1620_MM_0140.jpg,Mechanical Reproduction (Benjamin),Spectacle (Debord),Market (Adam Smith)
PHL1620_MM_0141.jpg,Everyday Aesthetics (Saito),Pleasure (Plato),Friendship / Philia (Aristotle)
PHL1620_MM_0142.jpg,Moral Status of Animals (Peter Singer),Moral-Conventional Distinction,Moral Responsibility (Aristotle)
PHL1620_MM_0143.jpg,Media as Extensions of Human Senses (McLuhan),Well-Being,"Knowledge (Plato, Aristotle)"
PHL1620_MM_0144.jpg,Moral Status of Animals (Peter Singer),Moral-Conventional Distinction,Moral Responsibility (Aristotle)
PHL1620_MM_0145.jpg,Weakness of Will / Akrasia (Aristotle),Moral Responsibility (Aristotle),Well-Being
PHL1620_MM_0146.jpg,Moral Relativism (Protagoras),Moral-Conventional Distinction,Death (Plato)
PHL1620_MM_0147.jpg,Love,Social Institutions,Pleasure (Plato)
PHL1620_MM_0148.jpg,Moral Relativism (Protagoras),Moral-Conventional Distinction,Death (Plato)
PHL1620_MM_0149.jpg,Property and Ownership (Locke),Respect (Kant),Moral Requirements and Permissions
PHL1620_MM_0150.jpg,Moral-Conventional Distinction,Respect (Kant),Propriety (Aristotle)
